Label,Area,Mean,StdDev,Mode,Min,Max,X,Y,XM,YM,Perim.,BX,BY,Width,Height,Major,Minor,Angle,Circ.,Feret,IntDen,Median,Skew,Kurt,%Area,RawIntDen,Ch,FeretX,FeretY,FeretAngle,MinFeret,AR,Round,Solidity,Counter,Count
2016-12-16_Animal-001_Control_Male_Lumbar_Slide-0002_Section001.tif:Blue,0,49,0,49,49,49,774.666687012,710.000000000,774.500000000,709.500000000,0,774,710,1,1,1.128379167,1.128379167,0,0.000000000,0,49,49,NaN,NaN,100,49,1,774,789,0,0,0.000000000,0.000000000,NaN,0,60
2016-12-16_Animal-001_Control_Male_Lumbar_Slide-0002_Section001.tif:Blue,0,49,0,49,49,49,779.000000000,705.333312988,779.500000000,705.500000000,0,779,706,1,1,1.128379167,1.128379167,0,0.000000000,0,49,49,NaN,NaN,100,49,1,779,793,0,0,0.000000000,0.000000000,NaN,0,60
2016-12-16_Animal-001_Control_Male_Lumbar_Slide-0002_Section001.tif:Blue,0,54,0,54,54,54,786.333312988,700.333312988,786.500000000,700.500000000,0,786,701,1,1,1.128379167,1.128379167,0,0.000000000,0,54,54,NaN,NaN,100,54,1,786,798,0,0,0.000000000,0.000000000,NaN,0,60
2016-12-16_Animal-001_Control_Male_Lumbar_Slide-0002_Section001.tif:Blue,0,51,0,51,51,51,793.666687012,699.666687012,793.500000000,699.500000000,0,793,700,1,1,1.128379167,1.128379167,0,0.000000000,0,51,51,NaN,NaN,100,51,1,793,799,0,0,0.000000000,0.000000000,NaN,0,60
2016-12-16_Animal-001_Control_Male_Lumbar_Slide-0002_Section001.tif:Blue,0,63,0,63,63,63,802.000000000,706.000000000,802.500000000,705.500000000,0,802,706,1,1,1.128379167,1.128379167,0,0.000000000,0,63,63,NaN,NaN,100,63,1,802,793,0,0,0.000000000,0.000000000,NaN,0,60
2016-12-16_Animal-001_Control_Male_Lumbar_Slide-0002_Section001.tif:Blue,0,130,0,130,130,130,778.666687012,710.000000000,778.500000000,709.500000000,0,778,710,1,1,1.128379167,1.128379167,0,0.000000000,0,130,130,NaN,NaN,100,130,2,778,789,0,0,0.000000000,0.000000000,NaN,0,60
2016-12-16_Animal-001_Control_Male_Lumbar_Slide-0002_Section001.tif:Blue,0,64,0,64,64,64,783.333312988,707.666687012,783.500000000,707.500000000,0,783,708,1,1,1.128379167,1.128379167,0,0.000000000,0,64,64,NaN,NaN,100,64,2,783,791,0,0,0.000000000,0.000000000,NaN,0,60
2016-12-16_Animal-001_Control_Male_Lumbar_Slide-0002_Section001.tif:Blue,0,126,0,126,126,126,784.333312988,705.000000000,784.500000000,704.500000000,0,784,705,1,1,1.128379167,1.128379167,0,0.000000000,0,126,126,NaN,NaN,100,126,2,784,794,0,0,0.000000000,0.000000000,NaN,0,60
2016-12-16_Animal-001_Control_Male_Lumbar_Slide-0002_Section001.tif:Blue,0,96,0,96,96,96,785.333312988,704.666687012,785.500000000,704.500000000,0,785,705,1,1,1.128379167,1.128379167,0,0.000000000,0,96,96,NaN,NaN,100,96,2,785,794,0,0,0.000000000,0.000000000,NaN,0,60
2016-12-16_Animal-001_Control_Male_Lumbar_Slide-0002_Section001.tif:Blue,0,65,0,65,65,65,789.333312988,704.333312988,789.500000000,704.500000000,0,789,705,1,1,1.128379167,1.128379167,0,0.000000000,0,65,65,NaN,NaN,100,65,2,789,794,0,0,0.000000000,0.000000000,NaN,0,60
2016-12-16_Animal-001_Control_Male_Lumbar_Slide-0002_Section001.tif:Blue,0,39,0,39,39,39,790.000000000,704.333312988,790.500000000,704.500000000,0,790,705,1,1,1.128379167,1.128379167,0,0.000000000,0,39,39,NaN,NaN,100,39,2,790,794,0,0,0.000000000,0.000000000,NaN,0,60
2016-12-16_Animal-001_Control_Male_Lumbar_Slide-0002_Section001.tif:Blue,0,82,0,82,82,82,792.666687012,704.666687012,792.500000000,704.500000000,0,792,705,1,1,1.128379167,1.128379167,0,0.000000000,0,82,82,NaN,NaN,100,82,2,792,794,0,0,0.000000000,0.000000000,NaN,0,60
2016-12-16_Animal-001_Control_Male_Lumbar_Slide-0002_Section001.tif:Blue,0,57,0,57,57,57,794.333312988,705.000000000,794.500000000,704.500000000,0,794,705,1,1,1.128379167,1.128379167,0,0.000000000,0,57,57,NaN,NaN,100,57,2,794,794,0,0,0.000000000,0.000000000,NaN,0,60
2016-12-16_Animal-001_Control_Male_Lumbar_Slide-0002_Section001.tif:Blue,0,76,0,76,76,76,796.333312988,706.000000000,796.500000000,705.500000000,0,796,706,1,1,1.128379167,1.128379167,0,0.000000000,0,76,76,NaN,NaN,100,76,2,796,793,0,0,0.000000000,0.000000000,NaN,0,60
2016-12-16_Animal-001_Control_Male_Lumbar_Slide-0002_Section001.tif:Blue,0,75,0,75,75,75,797.333312988,707.000000000,797.500000000,706.500000000,0,797,707,1,1,1.128379167,1.128379167,0,0.000000000,0,75,75,NaN,NaN,100,75,2,797,792,0,0,0.000000000,0.000000000,NaN,0,60
2016-12-16_Animal-001_Control_Male_Lumbar_Slide-0002_Section001.tif:Blue,0,110,0,110,110,110,799.333312988,709.000000000,799.500000000,708.500000000,0,799,709,1,1,1.128379167,1.128379167,0,0.000000000,0,110,110,NaN,NaN,100,110,2,799,790,0,0,0.000000000,0.000000000,NaN,0,60
2016-12-16_Animal-001_Control_Male_Lumbar_Slide-0002_Section001.tif:Blue,0,28,0,28,28,28,801.333312988,710.333312988,801.500000000,710.500000000,0,801,711,1,1,1.128379167,1.128379167,0,0.000000000,0,28,28,NaN,NaN,100,28,2,801,788,0,0,0.000000000,0.000000000,NaN,0,60
2016-12-16_Animal-001_Control_Male_Lumbar_Slide-0002_Section001.tif:Blue,0,102,0,102,102,102,802.666687012,711.666687012,802.500000000,711.500000000,0,802,712,1,1,1.128379167,1.128379167,0,0.000000000,0,102,102,NaN,NaN,100,102,2,802,787,0,0,0.000000000,0.000000000,NaN,0,60
2016-12-16_Animal-001_Control_Male_Lumbar_Slide-0002_Section001.tif:Blue,0,88,0,88,88,88,727.333312988,713.000000000,727.500000000,712.500000000,0,727,713,1,1,1.128379167,1.128379167,0,0.000000000,0,88,88,NaN,NaN,100,88,2,727,786,0,0,0.000000000,0.000000000,NaN,0,60
2016-12-16_Animal-001_Control_Male_Lumbar_Slide-0002_Section001.tif:Blue,0,63,0,63,63,63,727.000000000,709.666687012,727.500000000,709.500000000,0,727,710,1,1,1.128379167,1.128379167,0,0.000000000,0,63,63,NaN,NaN,100,63,2,727,789,0,0,0.000000000,0.000000000,NaN,0,60
2016-12-16_Animal-001_Control_Male_Lumbar_Slide-0002_Section001.tif:Blue,0,86,0,86,86,86,722.000000000,707.666687012,722.500000000,707.500000000,0,722,708,1,1,1.128379167,1.128379167,0,0.000000000,0,86,86,NaN,NaN,100,86,2,722,791,0,0,0.000000000,0.000000000,NaN,0,60
2016-12-16_Animal-001_Control_Male_Lumbar_Slide-0002_Section001.tif:Blue,0,22,0,22,22,22,721.000000000,705.333312988,721.500000000,705.500000000,0,721,706,1,1,1.128379167,1.128379167,0,0.000000000,0,22,22,NaN,NaN,100,22,2,721,793,0,0,0.000000000,0.000000000,NaN,0,60
2016-12-16_Animal-001_Control_Male_Lumbar_Slide-0002_Section001.tif:Blue,0,76,0,76,76,76,718.666687012,701.000000000,718.500000000,700.500000000,0,718,701,1,1,1.128379167,1.128379167,0,0.000000000,0,76,76,NaN,NaN,100,76,2,718,798,0,0,0.000000000,0.000000000,NaN,0,60
2016-12-16_Animal-001_Control_Male_Lumbar_Slide-0002_Section001.tif:Blue,0,33,0,33,33,33,714.333312988,700.333312988,714.500000000,700.500000000,0,714,701,1,1,1.128379167,1.128379167,0,0.000000000,0,33,33,NaN,NaN,100,33,2,714,798,0,0,0.000000000,0.000000000,NaN,0,60
2016-12-16_Animal-001_Control_Male_Lumbar_Slide-0002_Section001.tif:Blue,0,33,0,33,33,33,712.666687012,700.333312988,712.500000000,700.500000000,0,712,701,1,1,1.128379167,1.128379167,0,0.000000000,0,33,33,NaN,NaN,100,33,2,712,798,0,0,0.000000000,0.000000000,NaN,0,60
2016-12-16_Animal-001_Control_Male_Lumbar_Slide-0002_Section001.tif:Blue,0,69,0,69,69,69,710.333312988,702.666687012,710.500000000,702.500000000,0,710,703,1,1,1.128379167,1.128379167,0,0.000000000,0,69,69,NaN,NaN,100,69,2,710,796,0,0,0.000000000,0.000000000,NaN,0,60
2016-12-16_Animal-001_Control_Male_Lumbar_Slide-0002_Section001.tif:Blue,0,76,0,76,76,76,704.666687012,705.333312988,704.500000000,705.500000000,0,704,706,1,1,1.128379167,1.128379167,0,0.000000000,0,76,76,NaN,NaN,100,76,2,704,793,0,0,0.000000000,0.000000000,NaN,0,60
2016-12-16_Animal-001_Control_Male_Lumbar_Slide-0002_Section001.tif:Blue,0,51,0,51,51,51,702.333312988,707.333312988,702.500000000,707.500000000,0,702,708,1,1,1.128379167,1.128379167,0,0.000000000,0,51,51,NaN,NaN,100,51,2,702,791,0,0,0.000000000,0.000000000,NaN,0,60
2016-12-16_Animal-001_Control_Male_Lumbar_Slide-0002_Section001.tif:Blue,0,44,0,44,44,44,701.000000000,708.666687012,701.500000000,708.500000000,0,701,709,1,1,1.128379167,1.128379167,0,0.000000000,0,44,44,NaN,NaN,100,44,2,701,790,0,0,0.000000000,0.000000000,NaN,0,60
2016-12-16_Animal-001_Control_Male_Lumbar_Slide-0002_Section001.tif:Blue,0,43,0,43,43,43,695.666687012,713.000000000,695.500000000,712.500000000,0,695,713,1,1,1.128379167,1.128379167,0,0.000000000,0,43,43,NaN,NaN,100,43,2,695,786,0,0,0.000000000,0.000000000,NaN,0,60
2016-12-16_Animal-001_Control_Male_Lumbar_Slide-0002_Section001.tif:Blue,0,65,0,65,65,65,700.666687012,713.333312988,700.500000000,713.500000000,0,700,714,1,1,1.128379167,1.128379167,0,0.000000000,0,65,65,NaN,NaN,100,65,2,700,785,0,0,0.000000000,0.000000000,NaN,0,60
2016-12-16_Animal-001_Control_Male_Lumbar_Slide-0002_Section001.tif:Blue,0,55,0,55,55,55,704.333312988,712.333312988,704.500000000,712.500000000,0,704,713,1,1,1.128379167,1.128379167,0,0.000000000,0,55,55,NaN,NaN,100,55,2,704,786,0,0,0.000000000,0.000000000,NaN,0,60
2016-12-16_Animal-001_Control_Male_Lumbar_Slide-0002_Section001.tif:Blue,0,39,0,39,39,39,704.666687012,711.666687012,704.500000000,711.500000000,0,704,712,1,1,1.128379167,1.128379167,0,0.000000000,0,39,39,NaN,NaN,100,39,2,704,787,0,0,0.000000000,0.000000000,NaN,0,60
2016-12-16_Animal-001_Control_Male_Lumbar_Slide-0002_Section001.tif:Blue,0,67,0,67,67,67,706.000000000,710.666687012,706.500000000,710.500000000,0,706,711,1,1,1.128379167,1.128379167,0,0.000000000,0,67,67,NaN,NaN,100,67,2,706,788,0,0,0.000000000,0.000000000,NaN,0,60
2016-12-16_Animal-001_Control_Male_Lumbar_Slide-0002_Section001.tif:Blue,0,60,0,60,60,60,707.333312988,709.666687012,707.500000000,709.500000000,0,707,710,1,1,1.128379167,1.128379167,0,0.000000000,0,60,60,NaN,NaN,100,60,2,707,789,0,0,0.000000000,0.000000000,NaN,0,60
2016-12-16_Animal-001_Control_Male_Lumbar_Slide-0002_Section001.tif:Blue,0,37,0,37,37,37,709.333312988,709.333312988,709.500000000,709.500000000,0,709,710,1,1,1.128379167,1.128379167,0,0.000000000,0,37,37,NaN,NaN,100,37,2,709,789,0,0,0.000000000,0.000000000,NaN,0,60
2016-12-16_Animal-001_Control_Male_Lumbar_Slide-0002_Section001.tif:Blue,0,57,0,57,57,57,710.666687012,708.666687012,710.500000000,708.500000000,0,710,709,1,1,1.128379167,1.128379167,0,0.000000000,0,57,57,NaN,NaN,100,57,2,710,790,0,0,0.000000000,0.000000000,NaN,0,60
2016-12-16_Animal-001_Control_Male_Lumbar_Slide-0002_Section001.tif:Blue,0,45,0,45,45,45,711.333312988,708.000000000,711.500000000,707.500000000,0,711,708,1,1,1.128379167,1.128379167,0,0.000000000,0,45,45,NaN,NaN,100,45,2,711,791,0,0,0.000000000,0.000000000,NaN,0,60
2016-12-16_Animal-001_Control_Male_Lumbar_Slide-0002_Section001.tif:Blue,0,13,0,13,13,13,714.666687012,708.000000000,714.500000000,707.500000000,0,714,708,1,1,1.128379167,1.128379167,0,0.000000000,0,13,13,NaN,NaN,100,13,2,714,791,0,0,0.000000000,0.000000000,NaN,0,60
2016-12-16_Animal-001_Control_Male_Lumbar_Slide-0002_Section001.tif:Blue,0,42,0,42,42,42,722.333312988,713.333312988,722.500000000,713.500000000,0,722,714,1,1,1.128379167,1.128379167,0,0.000000000,0,42,42,NaN,NaN,100,42,2,722,785,0,0,0.000000000,0.000000000,NaN,0,60
2016-12-16_Animal-001_Control_Male_Lumbar_Slide-0002_Section001.tif:Blue,0,61,0,61,61,61,723.000000000,713.666687012,723.500000000,713.500000000,0,723,714,1,1,1.128379167,1.128379167,0,0.000000000,0,61,61,NaN,NaN,100,61,2,723,785,0,0,0.000000000,0.000000000,NaN,0,60
2016-12-16_Animal-001_Control_Male_Lumbar_Slide-0002_Section001.tif:Blue,0,93,0,93,93,93,726.333312988,715.333312988,726.500000000,715.500000000,0,726,716,1,1,1.128379167,1.128379167,0,0.000000000,0,93,93,NaN,NaN,100,93,2,726,783,0,0,0.000000000,0.000000000,NaN,0,60
2016-12-16_Animal-001_Control_Male_Lumbar_Slide-0002_Section001.tif:Blue,0,79,0,79,79,79,716.000000000,705.666687012,716.500000000,705.500000000,0,716,706,1,1,1.128379167,1.128379167,0,0.000000000,0,79,79,NaN,NaN,100,79,2,716,793,0,0,0.000000000,0.000000000,NaN,0,60
2016-12-16_Animal-001_Control_Male_Lumbar_Slide-0002_Section001.tif:Blue,0,79,0,79,79,79,716.333312988,705.666687012,716.500000000,705.500000000,0,716,706,1,1,1.128379167,1.128379167,0,0.000000000,0,79,79,NaN,NaN,100,79,2,716,793,0,0,0.000000000,0.000000000,NaN,0,60
2016-12-16_Animal-001_Control_Male_Lumbar_Slide-0002_Section001.tif:Blue,0,47,0,47,47,47,714.000000000,705.333312988,714.500000000,705.500000000,0,714,706,1,1,1.128379167,1.128379167,0,0.000000000,0,47,47,NaN,NaN,100,47,2,714,793,0,0,0.000000000,0.000000000,NaN,0,60
2016-12-16_Animal-001_Control_Male_Lumbar_Slide-0002_Section001.tif:Blue,0,66,0,66,66,66,708.000000000,707.000000000,708.500000000,706.500000000,0,708,707,1,1,1.128379167,1.128379167,0,0.000000000,0,66,66,NaN,NaN,100,66,2,708,792,0,0,0.000000000,0.000000000,NaN,0,60
2016-12-16_Animal-001_Control_Male_Lumbar_Slide-0002_Section001.tif:Blue,0,59,0,59,59,59,704.666687012,709.000000000,704.500000000,708.500000000,0,704,709,1,1,1.128379167,1.128379167,0,0.000000000,0,59,59,NaN,NaN,100,59,2,704,790,0,0,0.000000000,0.000000000,NaN,0,60
2016-12-16_Animal-001_Control_Male_Lumbar_Slide-0002_Section001.tif:Blue,0,85,0,85,85,85,706.666687012,710.000000000,706.500000000,709.500000000,0,706,710,1,1,1.128379167,1.128379167,0,0.000000000,0,85,85,NaN,NaN,100,85,2,706,789,0,0,0.000000000,0.000000000,NaN,0,60
2016-12-16_Animal-001_Control_Male_Lumbar_Slide-0002_Section001.tif:Blue,0,46,0,46,46,46,711.333312988,711.666687012,711.500000000,711.500000000,0,711,712,1,1,1.128379167,1.128379167,0,0.000000000,0,46,46,NaN,NaN,100,46,2,711,787,0,0,0.000000000,0.000000000,NaN,0,60
2016-12-16_Animal-001_Control_Male_Lumbar_Slide-0002_Section001.tif:Blue,0,30,0,30,30,30,714.333312988,711.666687012,714.500000000,711.500000000,0,714,712,1,1,1.128379167,1.128379167,0,0.000000000,0,30,30,NaN,NaN,100,30,2,714,787,0,0,0.000000000,0.000000000,NaN,0,60
2016-12-16_Animal-001_Control_Male_Lumbar_Slide-0002_Section001.tif:Blue,0,53,0,53,53,53,717.666687012,712.000000000,717.500000000,711.500000000,0,717,712,1,1,1.128379167,1.128379167,0,0.000000000,0,53,53,NaN,NaN,100,53,2,717,787,0,0,0.000000000,0.000000000,NaN,0,60
2016-12-16_Animal-001_Control_Male_Lumbar_Slide-0002_Section001.tif:Blue,0,93,0,93,93,93,721.000000000,712.666687012,721.500000000,712.500000000,0,721,713,1,1,1.128379167,1.128379167,0,0.000000000,0,93,93,NaN,NaN,100,93,2,721,786,0,0,0.000000000,0.000000000,NaN,0,60
2016-12-16_Animal-001_Control_Male_Lumbar_Slide-0002_Section001.tif:Blue,0,44,0,44,44,44,780.000000000,710.333312988,780.500000000,710.500000000,0,780,711,1,1,1.128379167,1.128379167,0,0.000000000,0,44,44,NaN,NaN,100,44,2,780,788,0,0,0.000000000,0.000000000,NaN,0,60
2016-12-16_Animal-001_Control_Male_Lumbar_Slide-0002_Section001.tif:Blue,0,85,0,85,85,85,785.000000000,710.666687012,785.500000000,710.500000000,0,785,711,1,1,1.128379167,1.128379167,0,0.000000000,0,85,85,NaN,NaN,100,85,2,785,788,0,0,0.000000000,0.000000000,NaN,0,60
2016-12-16_Animal-001_Control_Male_Lumbar_Slide-0002_Section001.tif:Blue,0,85,0,85,85,85,785.333312988,710.666687012,785.500000000,710.500000000,0,785,711,1,1,1.128379167,1.128379167,0,0.000000000,0,85,85,NaN,NaN,100,85,2,785,788,0,0,0.000000000,0.000000000,NaN,0,60
2016-12-16_Animal-001_Control_Male_Lumbar_Slide-0002_Section001.tif:Blue,0,27,0,27,27,27,787.666687012,710.666687012,787.500000000,710.500000000,0,787,711,1,1,1.128379167,1.128379167,0,0.000000000,0,27,27,NaN,NaN,100,27,2,787,788,0,0,0.000000000,0.000000000,NaN,0,60
2016-12-16_Animal-001_Control_Male_Lumbar_Slide-0002_Section001.tif:Blue,0,72,0,72,72,72,790.333312988,710.666687012,790.500000000,710.500000000,0,790,711,1,1,1.128379167,1.128379167,0,0.000000000,0,72,72,NaN,NaN,100,72,2,790,788,0,0,0.000000000,0.000000000,NaN,0,60
2016-12-16_Animal-001_Control_Male_Lumbar_Slide-0002_Section001.tif:Blue,0,59,0,59,59,59,793.000000000,710.666687012,793.500000000,710.500000000,0,793,711,1,1,1.128379167,1.128379167,0,0.000000000,0,59,59,NaN,NaN,100,59,2,793,788,0,0,0.000000000,0.000000000,NaN,0,60
2016-12-16_Animal-001_Control_Male_Lumbar_Slide-0002_Section001.tif:Blue,0,58,0,58,58,58,797.000000000,710.666687012,797.500000000,710.500000000,0,797,711,1,1,1.128379167,1.128379167,0,0.000000000,0,58,58,NaN,NaN,100,58,2,797,788,0,0,0.000000000,0.000000000,NaN,0,60
2016-12-16_Animal-001_Control_Male_Lumbar_Slide-0002_Section001.tif:Blue,0,39,0,39,39,39,799.666687012,710.666687012,799.500000000,710.500000000,0,799,711,1,1,1.128379167,1.128379167,0,0.000000000,0,39,39,NaN,NaN,100,39,2,799,788,0,0,0.000000000,0.000000000,NaN,0,60
2016-12-16_Animal-001_Control_Male_Lumbar_Slide-0002_Section001.tif:Blue,0,255,0,255,255,255,778.000000000,814.333312988,778.500000000,814.500000000,0,778,815,1,1,1.128379167,1.128379167,0,0.000000000,0,255,255,NaN,NaN,100,255,1,778,684,0,0,0.000000000,0.000000000,NaN,1,197
2016-12-16_Animal-001_Control_Male_Lumbar_Slide-0002_Section001.tif:Blue,0,242,0,242,242,242,777.666687012,817.000000000,777.500000000,816.500000000,0,777,817,1,1,1.128379167,1.128379167,0,0.000000000,0,242,242,NaN,NaN,100,242,1,777,682,0,0,0.000000000,0.000000000,NaN,1,197
2016-12-16_Animal-001_Control_Male_Lumbar_Slide-0002_Section001.tif:Blue,0,241,0,241,241,241,779.000000000,818.000000000,779.500000000,817.500000000,0,779,818,1,1,1.128379167,1.128379167,0,0.000000000,0,241,241,NaN,NaN,100,241,1,779,681,0,0,0.000000000,0.000000000,NaN,1,197
2016-12-16_Animal-001_Control_Male_Lumbar_Slide-0002_Section001.tif:Blue,0,167,0,167,167,167,783.333312988,825.666687012,783.500000000,825.500000000,0,783,826,1,1,1.128379167,1.128379167,0,0.000000000,0,167,167,NaN,NaN,100,167,1,783,673,0,0,0.000000000,0.000000000,NaN,1,197
2016-12-16_Animal-001_Control_Male_Lumbar_Slide-0002_Section001.tif:Blue,0,203,0,203,203,203,780.333312988,820.333312988,780.500000000,820.500000000,0,780,821,1,1,1.128379167,1.128379167,0,0.000000000,0,203,203,NaN,NaN,100,203,1,780,678,0,0,0.000000000,0.000000000,NaN,1,197
2016-12-16_Animal-001_Control_Male_Lumbar_Slide-0002_Section001.tif:Blue,0,203,0,203,203,203,780.333312988,820.333312988,780.500000000,820.500000000,0,780,821,1,1,1.128379167,1.128379167,0,0.000000000,0,203,203,NaN,NaN,100,203,1,780,678,0,0,0.000000000,0.000000000,NaN,1,197
2016-12-16_Animal-001_Control_Male_Lumbar_Slide-0002_Section001.tif:Blue,0,55,0,55,55,55,783.333312988,816.000000000,783.500000000,815.500000000,0,783,816,1,1,1.128379167,1.128379167,0,0.000000000,0,55,55,NaN,NaN,100,55,1,783,683,0,0,0.000000000,0.000000000,NaN,1,197
2016-12-16_Animal-001_Control_Male_Lumbar_Slide-0002_Section001.tif:Blue,0,60,0,60,60,60,784.000000000,816.000000000,784.500000000,815.500000000,0,784,816,1,1,1.128379167,1.128379167,0,0.000000000,0,60,60,NaN,NaN,100,60,1,784,683,0,0,0.000000000,0.000000000,NaN,1,197
2016-12-16_Animal-001_Control_Male_Lumbar_Slide-0002_Section001.tif:Blue,0,201,0,201,201,201,785.000000000,821.000000000,785.500000000,820.500000000,0,785,821,1,1,1.128379167,1.128379167,0,0.000000000,0,201,201,NaN,NaN,100,201,1,785,678,0,0,0.000000000,0.000000000,NaN,1,197
2016-12-16_Animal-001_Control_Male_Lumbar_Slide-0002_Section001.tif:Blue,0,255,0,255,255,255,785.666687012,821.666687012,785.500000000,821.500000000,0,785,822,1,1,1.128379167,1.128379167,0,0.000000000,0,255,255,NaN,NaN,100,255,1,785,677,0,0,0.000000000,0.000000000,NaN,1,197
2016-12-16_Animal-001_Control_Male_Lumbar_Slide-0002_Section001.tif:Blue,0,128,0,128,128,128,787.333312988,823.333312988,787.500000000,823.500000000,0,787,824,1,1,1.128379167,1.128379167,0,0.000000000,0,128,128,NaN,NaN,100,128,1,787,675,0,0,0.000000000,0.000000000,NaN,1,197
2016-12-16_Animal-001_Control_Male_Lumbar_Slide-0002_Section001.tif:Blue,0,253,0,253,253,253,789.000000000,824.666687012,789.500000000,824.500000000,0,789,825,1,1,1.128379167,1.128379167,0,0.000000000,0,253,253,NaN,NaN,100,253,1,789,674,0,0,0.000000000,0.000000000,NaN,1,197
2016-12-16_Animal-001_Control_Male_Lumbar_Slide-0002_Section001.tif:Blue,0,195,0,195,195,195,790.333312988,825.666687012,790.500000000,825.500000000,0,790,826,1,1,1.128379167,1.128379167,0,0.000000000,0,195,195,NaN,NaN,100,195,1,790,673,0,0,0.000000000,0.000000000,NaN,1,197
2016-12-16_Animal-001_Control_Male_Lumbar_Slide-0002_Section001.tif:Blue,0,95,0,95,95,95,793.333312988,827.000000000,793.500000000,826.500000000,0,793,827,1,1,1.128379167,1.128379167,0,0.000000000,0,95,95,NaN,NaN,100,95,1,793,672,0,0,0.000000000,0.000000000,NaN,1,197
2016-12-16_Animal-001_Control_Male_Lumbar_Slide-0002_Section001.tif:Blue,0,169,0,169,169,169,796.000000000,828.000000000,796.500000000,827.500000000,0,796,828,1,1,1.128379167,1.128379167,0,0.000000000,0,169,169,NaN,NaN,100,169,1,796,671,0,0,0.000000000,0.000000000,NaN,1,197
2016-12-16_Animal-001_Control_Male_Lumbar_Slide-0002_Section001.tif:Blue,0,91,0,91,91,91,797.333312988,828.666687012,797.500000000,828.500000000,0,797,829,1,1,1.128379167,1.128379167,0,0.000000000,0,91,91,NaN,NaN,100,91,1,797,670,0,0,0.000000000,0.000000000,NaN,1,197
2016-12-16_Animal-001_Control_Male_Lumbar_Slide-0002_Section001.tif:Blue,0,47,0,47,47,47,798.666687012,828.666687012,798.500000000,828.500000000,0,798,829,1,1,1.128379167,1.128379167,0,0.000000000,0,47,47,NaN,NaN,100,47,1,798,670,0,0,0.000000000,0.000000000,NaN,1,197
2016-12-16_Animal-001_Control_Male_Lumbar_Slide-0002_Section001.tif:Blue,0,59,0,59,59,59,801.333312988,828.666687012,801.500000000,828.500000000,0,801,829,1,1,1.128379167,1.128379167,0,0.000000000,0,59,59,NaN,NaN,100,59,1,801,670,0,0,0.000000000,0.000000000,NaN,1,197
2016-12-16_Animal-001_Control_Male_Lumbar_Slide-0002_Section001.tif:Blue,0,160,0,160,160,160,806.000000000,828.666687012,806.500000000,828.500000000,0,806,829,1,1,1.128379167,1.128379167,0,0.000000000,0,160,160,NaN,NaN,100,160,1,806,670,0,0,0.000000000,0.000000000,NaN,1,197
2016-12-16_Animal-001_Control_Male_Lumbar_Slide-0002_Section001.tif:Blue,0,93,0,93,93,93,807.666687012,828.666687012,807.500000000,828.500000000,0,807,829,1,1,1.128379167,1.128379167,0,0.000000000,0,93,93,NaN,NaN,100,93,1,807,670,0,0,0.000000000,0.000000000,NaN,1,197
2016-12-16_Animal-001_Control_Male_Lumbar_Slide-0002_Section001.tif:Blue,0,83,0,83,83,83,810.333312988,828.000000000,810.500000000,827.500000000,0,810,828,1,1,1.128379167,1.128379167,0,0.000000000,0,83,83,NaN,NaN,100,83,1,810,671,0,0,0.000000000,0.000000000,NaN,1,197
2016-12-16_Animal-001_Control_Male_Lumbar_Slide-0002_Section001.tif:Blue,0,108,0,108,108,108,812.000000000,827.333312988,812.500000000,827.500000000,0,812,828,1,1,1.128379167,1.128379167,0,0.000000000,0,108,108,NaN,NaN,100,108,1,812,671,0,0,0.000000000,0.000000000,NaN,1,197
2016-12-16_Animal-001_Control_Male_Lumbar_Slide-0002_Section001.tif:Blue,0,80,0,80,80,80,814.000000000,826.000000000,814.500000000,825.500000000,0,814,826,1,1,1.128379167,1.128379167,0,0.000000000,0,80,80,NaN,NaN,100,80,1,814,673,0,0,0.000000000,0.000000000,NaN,1,197
2016-12-16_Animal-001_Control_Male_Lumbar_Slide-0002_Section001.tif:Blue,0,76,0,76,76,76,815.000000000,826.000000000,815.500000000,825.500000000,0,815,826,1,1,1.128379167,1.128379167,0,0.000000000,0,76,76,NaN,NaN,100,76,1,815,673,0,0,0.000000000,0.000000000,NaN,1,197
2016-12-16_Animal-001_Control_Male_Lumbar_Slide-0002_Section001.tif:Blue,0,178,0,178,178,178,817.333312988,825.666687012,817.500000000,825.500000000,0,817,826,1,1,1.128379167,1.128379167,0,0.000000000,0,178,178,NaN,NaN,100,178,1,817,673,0,0,0.000000000,0.000000000,NaN,1,197
2016-12-16_Animal-001_Control_Male_Lumbar_Slide-0002_Section001.tif:Blue,0,50,0,50,50,50,818.333312988,824.666687012,818.500000000,824.500000000,0,818,825,1,1,1.128379167,1.128379167,0,0.000000000,0,50,50,NaN,NaN,100,50,1,818,674,0,0,0.000000000,0.000000000,NaN,1,197
2016-12-16_Animal-001_Control_Male_Lumbar_Slide-0002_Section001.tif:Blue,0,211,0,211,211,211,820.000000000,822.333312988,820.500000000,822.500000000,0,820,823,1,1,1.128379167,1.128379167,0,0.000000000,0,211,211,NaN,NaN,100,211,1,820,676,0,0,0.000000000,0.000000000,NaN,1,197
2016-12-16_Animal-001_Control_Male_Lumbar_Slide-0002_Section001.tif:Blue,0,198,0,198,198,198,820.000000000,821.333312988,820.500000000,821.500000000,0,820,822,1,1,1.128379167,1.128379167,0,0.000000000,0,198,198,NaN,NaN,100,198,1,820,677,0,0,0.000000000,0.000000000,NaN,1,197
2016-12-16_Animal-001_Control_Male_Lumbar_Slide-0002_Section001.tif:Blue,0,24,0,24,24,24,820.333312988,819.000000000,820.500000000,818.500000000,0,820,819,1,1,1.128379167,1.128379167,0,0.000000000,0,24,24,NaN,NaN,100,24,1,820,680,0,0,0.000000000,0.000000000,NaN,1,197
2016-12-16_Animal-001_Control_Male_Lumbar_Slide-0002_Section001.tif:Blue,0,49,0,49,49,49,820.666687012,816.666687012,820.500000000,816.500000000,0,820,817,1,1,1.128379167,1.128379167,0,0.000000000,0,49,49,NaN,NaN,100,49,1,820,682,0,0,0.000000000,0.000000000,NaN,1,197
2016-12-16_Animal-001_Control_Male_Lumbar_Slide-0002_Section001.tif:Blue,0,83,0,83,83,83,821.666687012,813.666687012,821.500000000,813.500000000,0,821,814,1,1,1.128379167,1.128379167,0,0.000000000,0,83,83,NaN,NaN,100,83,1,821,685,0,0,0.000000000,0.000000000,NaN,1,197
2016-12-16_Animal-001_Control_Male_Lumbar_Slide-0002_Section001.tif:Blue,0,106,0,106,106,106,822.000000000,811.666687012,822.500000000,811.500000000,0,822,812,1,1,1.128379167,1.128379167,0,0.000000000,0,106,106,NaN,NaN,100,106,1,822,687,0,0,0.000000000,0.000000000,NaN,1,197
2016-12-16_Animal-001_Control_Male_Lumbar_Slide-0002_Section001.tif:Blue,0,172,0,172,172,172,822.333312988,810.000000000,822.500000000,809.500000000,0,822,810,1,1,1.128379167,1.128379167,0,0.000000000,0,172,172,NaN,NaN,100,172,1,822,689,0,0,0.000000000,0.000000000,NaN,1,197
2016-12-16_Animal-001_Control_Male_Lumbar_Slide-0002_Section001.tif:Blue,0,171,0,171,171,171,825.000000000,810.000000000,825.500000000,809.500000000,0,825,810,1,1,1.128379167,1.128379167,0,0.000000000,0,171,171,NaN,NaN,100,171,1,825,689,0,0,0.000000000,0.000000000,NaN,1,197
2016-12-16_Animal-001_Control_Male_Lumbar_Slide-0002_Section001.tif:Blue,0,146,0,146,146,146,825.000000000,811.333312988,825.500000000,811.500000000,0,825,812,1,1,1.128379167,1.128379167,0,0.000000000,0,146,146,NaN,NaN,100,146,1,825,687,0,0,0.000000000,0.000000000,NaN,1,197
2016-12-16_Animal-001_Control_Male_Lumbar_Slide-0002_Section001.tif:Blue,0,190,0,190,190,190,825.000000000,815.000000000,825.500000000,814.500000000,0,825,815,1,1,1.128379167,1.128379167,0,0.000000000,0,190,190,NaN,NaN,100,190,1,825,684,0,0,0.000000000,0.000000000,NaN,1,197
2016-12-16_Animal-001_Control_Male_Lumbar_Slide-0002_Section001.tif:Blue,0,214,0,214,214,214,825.000000000,818.333312988,825.500000000,818.500000000,0,825,819,1,1,1.128379167,1.128379167,0,0.000000000,0,214,214,NaN,NaN,100,214,1,825,680,0,0,0.000000000,0.000000000,NaN,1,197
2016-12-16_Animal-001_Control_Male_Lumbar_Slide-0002_Section001.tif:Blue,0,142,0,142,142,142,824.000000000,820.666687012,824.500000000,820.500000000,0,824,821,1,1,1.128379167,1.128379167,0,0.000000000,0,142,142,NaN,NaN,100,142,1,824,678,0,0,0.000000000,0.000000000,NaN,1,197
2016-12-16_Animal-001_Control_Male_Lumbar_Slide-0002_Section001.tif:Blue,0,143,0,143,143,143,822.000000000,823.333312988,822.500000000,823.500000000,0,822,824,1,1,1.128379167,1.128379167,0,0.000000000,0,143,143,NaN,NaN,100,143,1,822,675,0,0,0.000000000,0.000000000,NaN,1,197
2016-12-16_Animal-001_Control_Male_Lumbar_Slide-0002_Section001.tif:Blue,0,145,0,145,145,145,820.000000000,825.666687012,820.500000000,825.500000000,0,820,826,1,1,1.128379167,1.128379167,0,0.000000000,0,145,145,NaN,NaN,100,145,1,820,673,0,0,0.000000000,0.000000000,NaN,1,197
2016-12-16_Animal-001_Control_Male_Lumbar_Slide-0002_Section001.tif:Blue,0,105,0,105,105,105,817.000000000,828.000000000,817.500000000,827.500000000,0,817,828,1,1,1.128379167,1.128379167,0,0.000000000,0,105,105,NaN,NaN,100,105,1,817,671,0,0,0.000000000,0.000000000,NaN,1,197
2016-12-16_Animal-001_Control_Male_Lumbar_Slide-0002_Section001.tif:Blue,0,206,0,206,206,206,815.333312988,829.333312988,815.500000000,829.500000000,0,815,830,1,1,1.128379167,1.128379167,0,0.000000000,0,206,206,NaN,NaN,100,206,1,815,669,0,0,0.000000000,0.000000000,NaN,1,197
2016-12-16_Animal-001_Control_Male_Lumbar_Slide-0002_Section001.tif:Blue,0,129,0,129,129,129,813.000000000,830.333312988,813.500000000,830.500000000,0,813,831,1,1,1.128379167,1.128379167,0,0.000000000,0,129,129,NaN,NaN,100,129,1,813,668,0,0,0.000000000,0.000000000,NaN,1,197
2016-12-16_Animal-001_Control_Male_Lumbar_Slide-0002_Section001.tif:Blue,0,163,0,163,163,163,809.333312988,832.000000000,809.500000000,831.500000000,0,809,832,1,1,1.128379167,1.128379167,0,0.000000000,0,163,163,NaN,NaN,100,163,1,809,667,0,0,0.000000000,0.000000000,NaN,1,197
2016-12-16_Animal-001_Control_Male_Lumbar_Slide-0002_Section001.tif:Blue,0,218,0,218,218,218,808.333312988,832.000000000,808.500000000,831.500000000,0,808,832,1,1,1.128379167,1.128379167,0,0.000000000,0,218,218,NaN,NaN,100,218,1,808,667,0,0,0.000000000,0.000000000,NaN,1,197
2016-12-16_Animal-001_Control_Male_Lumbar_Slide-0002_Section001.tif:Blue,0,254,0,254,254,254,804.666687012,832.000000000,804.500000000,831.500000000,0,804,832,1,1,1.128379167,1.128379167,0,0.000000000,0,254,254,NaN,NaN,100,254,1,804,667,0,0,0.000000000,0.000000000,NaN,1,197
2016-12-16_Animal-001_Control_Male_Lumbar_Slide-0002_Section001.tif:Blue,0,234,0,234,234,234,800.000000000,832.666687012,800.500000000,832.500000000,0,800,833,1,1,1.128379167,1.128379167,0,0.000000000,0,234,234,NaN,NaN,100,234,1,800,666,0,0,0.000000000,0.000000000,NaN,1,197
2016-12-16_Animal-001_Control_Male_Lumbar_Slide-0002_Section001.tif:Blue,0,212,0,212,212,212,799.333312988,832.666687012,799.500000000,832.500000000,0,799,833,1,1,1.128379167,1.128379167,0,0.000000000,0,212,212,NaN,NaN,100,212,1,799,666,0,0,0.000000000,0.000000000,NaN,1,197
2016-12-16_Animal-001_Control_Male_Lumbar_Slide-0002_Section001.tif:Blue,0,186,0,186,186,186,797.333312988,832.000000000,797.500000000,831.500000000,0,797,832,1,1,1.128379167,1.128379167,0,0.000000000,0,186,186,NaN,NaN,100,186,1,797,667,0,0,0.000000000,0.000000000,NaN,1,197
2016-12-16_Animal-001_Control_Male_Lumbar_Slide-0002_Section001.tif:Blue,0,121,0,121,121,121,791.666687012,831.000000000,791.500000000,830.500000000,0,791,831,1,1,1.128379167,1.128379167,0,0.000000000,0,121,121,NaN,NaN,100,121,1,791,668,0,0,0.000000000,0.000000000,NaN,1,197
2016-12-16_Animal-001_Control_Male_Lumbar_Slide-0002_Section001.tif:Blue,0,206,0,206,206,206,791.666687012,829.333312988,791.500000000,829.500000000,0,791,830,1,1,1.128379167,1.128379167,0,0.000000000,0,206,206,NaN,NaN,100,206,1,791,669,0,0,0.000000000,0.000000000,NaN,1,197
2016-12-16_Animal-001_Control_Male_Lumbar_Slide-0002_Section001.tif:Blue,0,54,0,54,54,54,790.666687012,828.333312988,790.500000000,828.500000000,0,790,829,1,1,1.128379167,1.128379167,0,0.000000000,0,54,54,NaN,NaN,100,54,1,790,670,0,0,0.000000000,0.000000000,NaN,1,197
2016-12-16_Animal-001_Control_Male_Lumbar_Slide-0002_Section001.tif:Blue,0,209,0,209,209,209,787.666687012,825.666687012,787.500000000,825.500000000,0,787,826,1,1,1.128379167,1.128379167,0,0.000000000,0,209,209,NaN,NaN,100,209,1,787,673,0,0,0.000000000,0.000000000,NaN,1,197
2016-12-16_Animal-001_Control_Male_Lumbar_Slide-0002_Section001.tif:Blue,0,210,0,210,210,210,787.333312988,825.000000000,787.500000000,824.500000000,0,787,825,1,1,1.128379167,1.128379167,0,0.000000000,0,210,210,NaN,NaN,100,210,1,787,674,0,0,0.000000000,0.000000000,NaN,1,197
2016-12-16_Animal-001_Control_Male_Lumbar_Slide-0002_Section001.tif:Blue,0,206,0,206,206,206,785.666687012,823.000000000,785.500000000,822.500000000,0,785,823,1,1,1.128379167,1.128379167,0,0.000000000,0,206,206,NaN,NaN,100,206,1,785,676,0,0,0.000000000,0.000000000,NaN,1,197
2016-12-16_Animal-001_Control_Male_Lumbar_Slide-0002_Section001.tif:Blue,0,185,0,185,185,185,782.333312988,821.333312988,782.500000000,821.500000000,0,782,822,1,1,1.128379167,1.128379167,0,0.000000000,0,185,185,NaN,NaN,100,185,1,782,677,0,0,0.000000000,0.000000000,NaN,1,197
2016-12-16_Animal-001_Control_Male_Lumbar_Slide-0002_Section001.tif:Blue,0,116,0,116,116,116,782.000000000,821.000000000,782.500000000,820.500000000,0,782,821,1,1,1.128379167,1.128379167,0,0.000000000,0,116,116,NaN,NaN,100,116,1,782,678,0,0,0.000000000,0.000000000,NaN,1,197
2016-12-16_Animal-001_Control_Male_Lumbar_Slide-0002_Section001.tif:Blue,0,168,0,168,168,168,781.333312988,821.666687012,781.500000000,821.500000000,0,781,822,1,1,1.128379167,1.128379167,0,0.000000000,0,168,168,NaN,NaN,100,168,1,781,677,0,0,0.000000000,0.000000000,NaN,1,197
2016-12-16_Animal-001_Control_Male_Lumbar_Slide-0002_Section001.tif:Blue,0,227,0,227,227,227,785.666687012,824.666687012,785.500000000,824.500000000,0,785,825,1,1,1.128379167,1.128379167,0,0.000000000,0,227,227,NaN,NaN,100,227,1,785,674,0,0,0.000000000,0.000000000,NaN,1,197
2016-12-16_Animal-001_Control_Male_Lumbar_Slide-0002_Section001.tif:Blue,0,105,0,105,105,105,790.000000000,827.666687012,790.500000000,827.500000000,0,790,828,1,1,1.128379167,1.128379167,0,0.000000000,0,105,105,NaN,NaN,100,105,1,790,671,0,0,0.000000000,0.000000000,NaN,1,197
2016-12-16_Animal-001_Control_Male_Lumbar_Slide-0002_Section001.tif:Blue,0,93,0,93,93,93,784.333312988,825.000000000,784.500000000,824.500000000,0,784,825,1,1,1.128379167,1.128379167,0,0.000000000,0,93,93,NaN,NaN,100,93,1,784,674,0,0,0.000000000,0.000000000,NaN,1,197
2016-12-16_Animal-001_Control_Male_Lumbar_Slide-0002_Section001.tif:Blue,0,200,0,200,200,200,788.333312988,828.000000000,788.500000000,827.500000000,0,788,828,1,1,1.128379167,1.128379167,0,0.000000000,0,200,200,NaN,NaN,100,200,1,788,671,0,0,0.000000000,0.000000000,NaN,1,197
2016-12-16_Animal-001_Control_Male_Lumbar_Slide-0002_Section001.tif:Blue,0,230,0,230,230,230,788.333312988,830.333312988,788.500000000,830.500000000,0,788,831,1,1,1.128379167,1.128379167,0,0.000000000,0,230,230,NaN,NaN,100,230,1,788,668,0,0,0.000000000,0.000000000,NaN,1,197
2016-12-16_Animal-001_Control_Male_Lumbar_Slide-0002_Section001.tif:Blue,0,114,0,114,114,114,792.333312988,832.333312988,792.500000000,832.500000000,0,792,833,1,1,1.128379167,1.128379167,0,0.000000000,0,114,114,NaN,NaN,100,114,1,792,666,0,0,0.000000000,0.000000000,NaN,1,197
2016-12-16_Animal-001_Control_Male_Lumbar_Slide-0002_Section001.tif:Blue,0,219,0,219,219,219,793.000000000,833.333312988,793.500000000,833.500000000,0,793,834,1,1,1.128379167,1.128379167,0,0.000000000,0,219,219,NaN,NaN,100,219,1,793,665,0,0,0.000000000,0.000000000,NaN,1,197
2016-12-16_Animal-001_Control_Male_Lumbar_Slide-0002_Section001.tif:Blue,0,204,0,204,204,204,794.666687012,833.333312988,794.500000000,833.500000000,0,794,834,1,1,1.128379167,1.128379167,0,0.000000000,0,204,204,NaN,NaN,100,204,1,794,665,0,0,0.000000000,0.000000000,NaN,1,197
2016-12-16_Animal-001_Control_Male_Lumbar_Slide-0002_Section001.tif:Blue,0,148,0,148,148,148,798.666687012,834.333312988,798.500000000,834.500000000,0,798,835,1,1,1.128379167,1.128379167,0,0.000000000,0,148,148,NaN,NaN,100,148,1,798,664,0,0,0.000000000,0.000000000,NaN,1,197
2016-12-16_Animal-001_Control_Male_Lumbar_Slide-0002_Section001.tif:Blue,0,98,0,98,98,98,801.000000000,835.000000000,801.500000000,834.500000000,0,801,835,1,1,1.128379167,1.128379167,0,0.000000000,0,98,98,NaN,NaN,100,98,1,801,664,0,0,0.000000000,0.000000000,NaN,1,197
2016-12-16_Animal-001_Control_Male_Lumbar_Slide-0002_Section001.tif:Blue,0,181,0,181,181,181,802.333312988,835.333312988,802.500000000,835.500000000,0,802,836,1,1,1.128379167,1.128379167,0,0.000000000,0,181,181,NaN,NaN,100,181,1,802,663,0,0,0.000000000,0.000000000,NaN,1,197
2016-12-16_Animal-001_Control_Male_Lumbar_Slide-0002_Section001.tif:Blue,0,145,0,145,145,145,806.333312988,835.333312988,806.500000000,835.500000000,0,806,836,1,1,1.128379167,1.128379167,0,0.000000000,0,145,145,NaN,NaN,100,145,1,806,663,0,0,0.000000000,0.000000000,NaN,1,197
2016-12-16_Animal-001_Control_Male_Lumbar_Slide-0002_Section001.tif:Blue,0,81,0,81,81,81,808.000000000,835.000000000,808.500000000,834.500000000,0,808,835,1,1,1.128379167,1.128379167,0,0.000000000,0,81,81,NaN,NaN,100,81,1,808,664,0,0,0.000000000,0.000000000,NaN,1,197
2016-12-16_Animal-001_Control_Male_Lumbar_Slide-0002_Section001.tif:Blue,0,143,0,143,143,143,809.000000000,835.000000000,809.500000000,834.500000000,0,809,835,1,1,1.128379167,1.128379167,0,0.000000000,0,143,143,NaN,NaN,100,143,1,809,664,0,0,0.000000000,0.000000000,NaN,1,197
2016-12-16_Animal-001_Control_Male_Lumbar_Slide-0002_Section001.tif:Blue,0,78,0,78,78,78,812.000000000,834.000000000,812.500000000,833.500000000,0,812,834,1,1,1.128379167,1.128379167,0,0.000000000,0,78,78,NaN,NaN,100,78,1,812,665,0,0,0.000000000,0.000000000,NaN,1,197
2016-12-16_Animal-001_Control_Male_Lumbar_Slide-0002_Section001.tif:Blue,0,30,0,30,30,30,813.333312988,833.000000000,813.500000000,832.500000000,0,813,833,1,1,1.128379167,1.128379167,0,0.000000000,0,30,30,NaN,NaN,100,30,1,813,666,0,0,0.000000000,0.000000000,NaN,1,197
2016-12-16_Animal-001_Control_Male_Lumbar_Slide-0002_Section001.tif:Blue,0,207,0,207,207,207,815.000000000,831.000000000,815.500000000,830.500000000,0,815,831,1,1,1.128379167,1.128379167,0,0.000000000,0,207,207,NaN,NaN,100,207,1,815,668,0,0,0.000000000,0.000000000,NaN,1,197
2016-12-16_Animal-001_Control_Male_Lumbar_Slide-0002_Section001.tif:Blue,0,96,0,96,96,96,818.333312988,829.000000000,818.500000000,828.500000000,0,818,829,1,1,1.128379167,1.128379167,0,0.000000000,0,96,96,NaN,NaN,100,96,1,818,670,0,0,0.000000000,0.000000000,NaN,1,197
2016-12-16_Animal-001_Control_Male_Lumbar_Slide-0002_Section001.tif:Blue,0,96,0,96,96,96,818.666687012,829.000000000,818.500000000,828.500000000,0,818,829,1,1,1.128379167,1.128379167,0,0.000000000,0,96,96,NaN,NaN,100,96,1,818,670,0,0,0.000000000,0.000000000,NaN,1,197
2016-12-16_Animal-001_Control_Male_Lumbar_Slide-0002_Section001.tif:Blue,0,192,0,192,192,192,819.000000000,828.333312988,819.500000000,828.500000000,0,819,829,1,1,1.128379167,1.128379167,0,0.000000000,0,192,192,NaN,NaN,100,192,1,819,670,0,0,0.000000000,0.000000000,NaN,1,197
2016-12-16_Animal-001_Control_Male_Lumbar_Slide-0002_Section001.tif:Blue,0,81,0,81,81,81,820.000000000,827.333312988,820.500000000,827.500000000,0,820,828,1,1,1.128379167,1.128379167,0,0.000000000,0,81,81,NaN,NaN,100,81,1,820,671,0,0,0.000000000,0.000000000,NaN,1,197
2016-12-16_Animal-001_Control_Male_Lumbar_Slide-0002_Section001.tif:Blue,0,84,0,84,84,84,821.000000000,825.666687012,821.500000000,825.500000000,0,821,826,1,1,1.128379167,1.128379167,0,0.000000000,0,84,84,NaN,NaN,100,84,1,821,673,0,0,0.000000000,0.000000000,NaN,1,197
2016-12-16_Animal-001_Control_Male_Lumbar_Slide-0002_Section001.tif:Blue,0,152,0,152,152,152,823.000000000,822.666687012,823.500000000,822.500000000,0,823,823,1,1,1.128379167,1.128379167,0,0.000000000,0,152,152,NaN,NaN,100,152,1,823,676,0,0,0.000000000,0.000000000,NaN,1,197
2016-12-16_Animal-001_Control_Male_Lumbar_Slide-0002_Section001.tif:Blue,0,30,0,30,30,30,825.000000000,820.666687012,825.500000000,820.500000000,0,825,821,1,1,1.128379167,1.128379167,0,0.000000000,0,30,30,NaN,NaN,100,30,1,825,678,0,0,0.000000000,0.000000000,NaN,1,197
2016-12-16_Animal-001_Control_Male_Lumbar_Slide-0002_Section001.tif:Blue,0,118,0,118,118,118,826.000000000,819.000000000,826.500000000,818.500000000,0,826,819,1,1,1.128379167,1.128379167,0,0.000000000,0,118,118,NaN,NaN,100,118,1,826,680,0,0,0.000000000,0.000000000,NaN,1,197
2016-12-16_Animal-001_Control_Male_Lumbar_Slide-0002_Section001.tif:Blue,0,255,0,255,255,255,828.000000000,817.666687012,828.500000000,817.500000000,0,828,818,1,1,1.128379167,1.128379167,0,0.000000000,0,255,255,NaN,NaN,100,255,1,828,681,0,0,0.000000000,0.000000000,NaN,1,197
2016-12-16_Animal-001_Control_Male_Lumbar_Slide-0002_Section001.tif:Blue,0,197,0,197,197,197,828.000000000,821.333312988,828.500000000,821.500000000,0,828,822,1,1,1.128379167,1.128379167,0,0.000000000,0,197,197,NaN,NaN,100,197,1,828,677,0,0,0.000000000,0.000000000,NaN,1,197
2016-12-16_Animal-001_Control_Male_Lumbar_Slide-0002_Section001.tif:Blue,0,193,0,193,193,193,824.666687012,824.000000000,824.500000000,823.500000000,0,824,824,1,1,1.128379167,1.128379167,0,0.000000000,0,193,193,NaN,NaN,100,193,1,824,675,0,0,0.000000000,0.000000000,NaN,1,197
2016-12-16_Animal-001_Control_Male_Lumbar_Slide-0002_Section001.tif:Blue,0,100,0,100,100,100,824.000000000,825.333312988,824.500000000,825.500000000,0,824,826,1,1,1.128379167,1.128379167,0,0.000000000,0,100,100,NaN,NaN,100,100,1,824,673,0,0,0.000000000,0.000000000,NaN,1,197
2016-12-16_Animal-001_Control_Male_Lumbar_Slide-0002_Section001.tif:Blue,0,115,0,115,115,115,820.333312988,830.333312988,820.500000000,830.500000000,0,820,831,1,1,1.128379167,1.128379167,0,0.000000000,0,115,115,NaN,NaN,100,115,1,820,668,0,0,0.000000000,0.000000000,NaN,1,197
2016-12-16_Animal-001_Control_Male_Lumbar_Slide-0002_Section001.tif:Blue,0,222,0,222,222,222,817.666687012,833.333312988,817.500000000,833.500000000,0,817,834,1,1,1.128379167,1.128379167,0,0.000000000,0,222,222,NaN,NaN,100,222,1,817,665,0,0,0.000000000,0.000000000,NaN,1,197
2016-12-16_Animal-001_Control_Male_Lumbar_Slide-0002_Section001.tif:Blue,0,210,0,210,210,210,815.333312988,834.000000000,815.500000000,833.500000000,0,815,834,1,1,1.128379167,1.128379167,0,0.000000000,0,210,210,NaN,NaN,100,210,1,815,665,0,0,0.000000000,0.000000000,NaN,1,197
2016-12-16_Animal-001_Control_Male_Lumbar_Slide-0002_Section001.tif:Blue,0,166,0,166,166,166,811.666687012,835.000000000,811.500000000,834.500000000,0,811,835,1,1,1.128379167,1.128379167,0,0.000000000,0,166,166,NaN,NaN,100,166,1,811,664,0,0,0.000000000,0.000000000,NaN,1,197
2016-12-16_Animal-001_Control_Male_Lumbar_Slide-0002_Section001.tif:Blue,0,108,0,108,108,108,809.333312988,836.000000000,809.500000000,835.500000000,0,809,836,1,1,1.128379167,1.128379167,0,0.000000000,0,108,108,NaN,NaN,100,108,1,809,663,0,0,0.000000000,0.000000000,NaN,1,197
2016-12-16_Animal-001_Control_Male_Lumbar_Slide-0002_Section001.tif:Blue,0,48,0,48,48,48,804.666687012,837.333312988,804.500000000,837.500000000,0,804,838,1,1,1.128379167,1.128379167,0,0.000000000,0,48,48,NaN,NaN,100,48,1,804,661,0,0,0.000000000,0.000000000,NaN,1,197
2016-12-16_Animal-001_Control_Male_Lumbar_Slide-0002_Section001.tif:Blue,0,100,0,100,100,100,800.333312988,837.666687012,800.500000000,837.500000000,0,800,838,1,1,1.128379167,1.128379167,0,0.000000000,0,100,100,NaN,NaN,100,100,1,800,661,0,0,0.000000000,0.000000000,NaN,1,197
2016-12-16_Animal-001_Control_Male_Lumbar_Slide-0002_Section001.tif:Blue,0,69,0,69,69,69,796.666687012,837.000000000,796.500000000,836.500000000,0,796,837,1,1,1.128379167,1.128379167,0,0.000000000,0,69,69,NaN,NaN,100,69,1,796,662,0,0,0.000000000,0.000000000,NaN,1,197
2016-12-16_Animal-001_Control_Male_Lumbar_Slide-0002_Section001.tif:Blue,0,199,0,199,199,199,793.333312988,835.666687012,793.500000000,835.500000000,0,793,836,1,1,1.128379167,1.128379167,0,0.000000000,0,199,199,NaN,NaN,100,199,1,793,663,0,0,0.000000000,0.000000000,NaN,1,197
2016-12-16_Animal-001_Control_Male_Lumbar_Slide-0002_Section001.tif:Blue,0,115,0,115,115,115,790.666687012,834.333312988,790.500000000,834.500000000,0,790,835,1,1,1.128379167,1.128379167,0,0.000000000,0,115,115,NaN,NaN,100,115,1,790,664,0,0,0.000000000,0.000000000,NaN,1,197
2016-12-16_Animal-001_Control_Male_Lumbar_Slide-0002_Section001.tif:Blue,0,103,0,103,103,103,789.666687012,833.000000000,789.500000000,832.500000000,0,789,833,1,1,1.128379167,1.128379167,0,0.000000000,0,103,103,NaN,NaN,100,103,1,789,666,0,0,0.000000000,0.000000000,NaN,1,197
2016-12-16_Animal-001_Control_Male_Lumbar_Slide-0002_Section001.tif:Blue,0,230,0,230,230,230,788.000000000,831.000000000,788.500000000,830.500000000,0,788,831,1,1,1.128379167,1.128379167,0,0.000000000,0,230,230,NaN,NaN,100,230,1,788,668,0,0,0.000000000,0.000000000,NaN,1,197
2016-12-16_Animal-001_Control_Male_Lumbar_Slide-0002_Section001.tif:Blue,0,197,0,197,197,197,786.666687012,829.000000000,786.500000000,828.500000000,0,786,829,1,1,1.128379167,1.128379167,0,0.000000000,0,197,197,NaN,NaN,100,197,1,786,670,0,0,0.000000000,0.000000000,NaN,1,197
2016-12-16_Animal-001_Control_Male_Lumbar_Slide-0002_Section001.tif:Blue,0,127,0,127,127,127,671.666687012,804.333312988,671.500000000,804.500000000,0,671,805,1,1,1.128379167,1.128379167,0,0.000000000,0,127,127,NaN,NaN,100,127,1,671,694,0,0,0.000000000,0.000000000,NaN,1,197
2016-12-16_Animal-001_Control_Male_Lumbar_Slide-0002_Section001.tif:Blue,0,159,0,159,159,159,673.000000000,808.000000000,673.500000000,807.500000000,0,673,808,1,1,1.128379167,1.128379167,0,0.000000000,0,159,159,NaN,NaN,100,159,1,673,691,0,0,0.000000000,0.000000000,NaN,1,197
2016-12-16_Animal-001_Control_Male_Lumbar_Slide-0002_Section001.tif:Blue,0,80,0,80,80,80,673.333312988,808.666687012,673.500000000,808.500000000,0,673,809,1,1,1.128379167,1.128379167,0,0.000000000,0,80,80,NaN,NaN,100,80,1,673,690,0,0,0.000000000,0.000000000,NaN,1,197
2016-12-16_Animal-001_Control_Male_Lumbar_Slide-0002_Section001.tif:Blue,0,63,0,63,63,63,674.666687012,812.666687012,674.500000000,812.500000000,0,674,813,1,1,1.128379167,1.128379167,0,0.000000000,0,63,63,NaN,NaN,100,63,1,674,686,0,0,0.000000000,0.000000000,NaN,1,197
2016-12-16_Animal-001_Control_Male_Lumbar_Slide-0002_Section001.tif:Blue,0,48,0,48,48,48,675.333312988,814.000000000,675.500000000,813.500000000,0,675,814,1,1,1.128379167,1.128379167,0,0.000000000,0,48,48,NaN,NaN,100,48,1,675,685,0,0,0.000000000,0.000000000,NaN,1,197
2016-12-16_Animal-001_Control_Male_Lumbar_Slide-0002_Section001.tif:Blue,0,79,0,79,79,79,675.000000000,815.666687012,675.500000000,815.500000000,0,675,816,1,1,1.128379167,1.128379167,0,0.000000000,0,79,79,NaN,NaN,100,79,1,675,683,0,0,0.000000000,0.000000000,NaN,1,197
2016-12-16_Animal-001_Control_Male_Lumbar_Slide-0002_Section001.tif:Blue,0,77,0,77,77,77,675.666687012,817.333312988,675.500000000,817.500000000,0,675,818,1,1,1.128379167,1.128379167,0,0.000000000,0,77,77,NaN,NaN,100,77,1,675,681,0,0,0.000000000,0.000000000,NaN,1,197
2016-12-16_Animal-001_Control_Male_Lumbar_Slide-0002_Section001.tif:Blue,0,74,0,74,74,74,678.333312988,818.333312988,678.500000000,818.500000000,0,678,819,1,1,1.128379167,1.128379167,0,0.000000000,0,74,74,NaN,NaN,100,74,1,678,680,0,0,0.000000000,0.000000000,NaN,1,197
2016-12-16_Animal-001_Control_Male_Lumbar_Slide-0002_Section001.tif:Blue,0,53,0,53,53,53,681.666687012,819.666687012,681.500000000,819.500000000,0,681,820,1,1,1.128379167,1.128379167,0,0.000000000,0,53,53,NaN,NaN,100,53,1,681,679,0,0,0.000000000,0.000000000,NaN,1,197
2016-12-16_Animal-001_Control_Male_Lumbar_Slide-0002_Section001.tif:Blue,0,80,0,80,80,80,683.000000000,820.000000000,683.500000000,819.500000000,0,683,820,1,1,1.128379167,1.128379167,0,0.000000000,0,80,80,NaN,NaN,100,80,1,683,679,0,0,0.000000000,0.000000000,NaN,1,197
2016-12-16_Animal-001_Control_Male_Lumbar_Slide-0002_Section001.tif:Blue,0,83,0,83,83,83,687.000000000,821.666687012,687.500000000,821.500000000,0,687,822,1,1,1.128379167,1.128379167,0,0.000000000,0,83,83,NaN,NaN,100,83,1,687,677,0,0,0.000000000,0.000000000,NaN,1,197
2016-12-16_Animal-001_Control_Male_Lumbar_Slide-0002_Section001.tif:Blue,0,50,0,50,50,50,684.333312988,821.666687012,684.500000000,821.500000000,0,684,822,1,1,1.128379167,1.128379167,0,0.000000000,0,50,50,NaN,NaN,100,50,1,684,677,0,0,0.000000000,0.000000000,NaN,1,197
2016-12-16_Animal-001_Control_Male_Lumbar_Slide-0002_Section001.tif:Blue,0,110,0,110,110,110,683.666687012,822.000000000,683.500000000,821.500000000,0,683,822,1,1,1.128379167,1.128379167,0,0.000000000,0,110,110,NaN,NaN,100,110,1,683,677,0,0,0.000000000,0.000000000,NaN,1,197
2016-12-16_Animal-001_Control_Male_Lumbar_Slide-0002_Section001.tif:Blue,0,116,0,116,116,116,692.666687012,822.666687012,692.500000000,822.500000000,0,692,823,1,1,1.128379167,1.128379167,0,0.000000000,0,116,116,NaN,NaN,100,116,1,692,676,0,0,0.000000000,0.000000000,NaN,1,197
2016-12-16_Animal-001_Control_Male_Lumbar_Slide-0002_Section001.tif:Blue,0,50,0,50,50,50,693.333312988,822.666687012,693.500000000,822.500000000,0,693,823,1,1,1.128379167,1.128379167,0,0.000000000,0,50,50,NaN,NaN,100,50,1,693,676,0,0,0.000000000,0.000000000,NaN,1,197
2016-12-16_Animal-001_Control_Male_Lumbar_Slide-0002_Section001.tif:Blue,0,80,0,80,80,80,694.666687012,822.666687012,694.500000000,822.500000000,0,694,823,1,1,1.128379167,1.128379167,0,0.000000000,0,80,80,NaN,NaN,100,80,1,694,676,0,0,0.000000000,0.000000000,NaN,1,197
2016-12-16_Animal-001_Control_Male_Lumbar_Slide-0002_Section001.tif:Blue,0,129,0,129,129,129,697.000000000,822.666687012,697.500000000,822.500000000,0,697,823,1,1,1.128379167,1.128379167,0,0.000000000,0,129,129,NaN,NaN,100,129,1,697,676,0,0,0.000000000,0.000000000,NaN,1,197
2016-12-16_Animal-001_Control_Male_Lumbar_Slide-0002_Section001.tif:Blue,0,132,0,132,132,132,698.333312988,822.333312988,698.500000000,822.500000000,0,698,823,1,1,1.128379167,1.128379167,0,0.000000000,0,132,132,NaN,NaN,100,132,1,698,676,0,0,0.000000000,0.000000000,NaN,1,197
2016-12-16_Animal-001_Control_Male_Lumbar_Slide-0002_Section001.tif:Blue,0,182,0,182,182,182,701.666687012,821.000000000,701.500000000,820.500000000,0,701,821,1,1,1.128379167,1.128379167,0,0.000000000,0,182,182,NaN,NaN,100,182,1,701,678,0,0,0.000000000,0.000000000,NaN,1,197
2016-12-16_Animal-001_Control_Male_Lumbar_Slide-0002_Section001.tif:Blue,0,63,0,63,63,63,703.333312988,820.000000000,703.500000000,819.500000000,0,703,820,1,1,1.128379167,1.128379167,0,0.000000000,0,63,63,NaN,NaN,100,63,1,703,679,0,0,0.000000000,0.000000000,NaN,1,197
2016-12-16_Animal-001_Control_Male_Lumbar_Slide-0002_Section001.tif:Blue,0,93,0,93,93,93,704.000000000,819.666687012,704.500000000,819.500000000,0,704,820,1,1,1.128379167,1.128379167,0,0.000000000,0,93,93,NaN,NaN,100,93,1,704,679,0,0,0.000000000,0.000000000,NaN,1,197
2016-12-16_Animal-001_Control_Male_Lumbar_Slide-0002_Section001.tif:Blue,0,142,0,142,142,142,707.000000000,818.333312988,707.500000000,818.500000000,0,707,819,1,1,1.128379167,1.128379167,0,0.000000000,0,142,142,NaN,NaN,100,142,1,707,680,0,0,0.000000000,0.000000000,NaN,1,197
2016-12-16_Animal-001_Control_Male_Lumbar_Slide-0002_Section001.tif:Blue,0,50,0,50,50,50,709.333312988,817.000000000,709.500000000,816.500000000,0,709,817,1,1,1.128379167,1.128379167,0,0.000000000,0,50,50,NaN,NaN,100,50,1,709,682,0,0,0.000000000,0.000000000,NaN,1,197
2016-12-16_Animal-001_Control_Male_Lumbar_Slide-0002_Section001.tif:Blue,0,153,0,153,153,153,711.333312988,815.666687012,711.500000000,815.500000000,0,711,816,1,1,1.128379167,1.128379167,0,0.000000000,0,153,153,NaN,NaN,100,153,1,711,683,0,0,0.000000000,0.000000000,NaN,1,197
2016-12-16_Animal-001_Control_Male_Lumbar_Slide-0002_Section001.tif:Blue,0,164,0,164,164,164,713.333312988,814.000000000,713.500000000,813.500000000,0,713,814,1,1,1.128379167,1.128379167,0,0.000000000,0,164,164,NaN,NaN,100,164,1,713,685,0,0,0.000000000,0.000000000,NaN,1,197
2016-12-16_Animal-001_Control_Male_Lumbar_Slide-0002_Section001.tif:Blue,0,146,0,146,146,146,715.666687012,812.666687012,715.500000000,812.500000000,0,715,813,1,1,1.128379167,1.128379167,0,0.000000000,0,146,146,NaN,NaN,100,146,1,715,686,0,0,0.000000000,0.000000000,NaN,1,197
2016-12-16_Animal-001_Control_Male_Lumbar_Slide-0002_Section001.tif:Blue,0,45,0,45,45,45,716.666687012,812.000000000,716.500000000,811.500000000,0,716,812,1,1,1.128379167,1.128379167,0,0.000000000,0,45,45,NaN,NaN,100,45,1,716,687,0,0,0.000000000,0.000000000,NaN,1,197
2016-12-16_Animal-001_Control_Male_Lumbar_Slide-0002_Section001.tif:Blue,0,74,0,74,74,74,718.666687012,811.666687012,718.500000000,811.500000000,0,718,812,1,1,1.128379167,1.128379167,0,0.000000000,0,74,74,NaN,NaN,100,74,1,718,687,0,0,0.000000000,0.000000000,NaN,1,197
2016-12-16_Animal-001_Control_Male_Lumbar_Slide-0002_Section001.tif:Blue,0,165,0,165,165,165,718.666687012,813.333312988,718.500000000,813.500000000,0,718,814,1,1,1.128379167,1.128379167,0,0.000000000,0,165,165,NaN,NaN,100,165,1,718,685,0,0,0.000000000,0.000000000,NaN,1,197
2016-12-16_Animal-001_Control_Male_Lumbar_Slide-0002_Section001.tif:Blue,0,135,0,135,135,135,715.333312988,814.666687012,715.500000000,814.500000000,0,715,815,1,1,1.128379167,1.128379167,0,0.000000000,0,135,135,NaN,NaN,100,135,1,715,684,0,0,0.000000000,0.000000000,NaN,1,197
2016-12-16_Animal-001_Control_Male_Lumbar_Slide-0002_Section001.tif:Blue,0,106,0,106,106,106,714.333312988,816.333312988,714.500000000,816.500000000,0,714,817,1,1,1.128379167,1.128379167,0,0.000000000,0,106,106,NaN,NaN,100,106,1,714,682,0,0,0.000000000,0.000000000,NaN,1,197
2016-12-16_Animal-001_Control_Male_Lumbar_Slide-0002_Section001.tif:Blue,0,206,0,206,206,206,711.333312988,818.000000000,711.500000000,817.500000000,0,711,818,1,1,1.128379167,1.128379167,0,0.000000000,0,206,206,NaN,NaN,100,206,1,711,681,0,0,0.000000000,0.000000000,NaN,1,197
2016-12-16_Animal-001_Control_Male_Lumbar_Slide-0002_Section001.tif:Blue,0,255,0,255,255,255,710.333312988,818.666687012,710.500000000,818.500000000,0,710,819,1,1,1.128379167,1.128379167,0,0.000000000,0,255,255,NaN,NaN,100,255,1,710,680,0,0,0.000000000,0.000000000,NaN,1,197
2016-12-16_Animal-001_Control_Male_Lumbar_Slide-0002_Section001.tif:Blue,0,191,0,191,191,191,709.000000000,819.666687012,709.500000000,819.500000000,0,709,820,1,1,1.128379167,1.128379167,0,0.000000000,0,191,191,NaN,NaN,100,191,1,709,679,0,0,0.000000000,0.000000000,NaN,1,197
2016-12-16_Animal-001_Control_Male_Lumbar_Slide-0002_Section001.tif:Blue,0,228,0,228,228,228,706.666687012,821.666687012,706.500000000,821.500000000,0,706,822,1,1,1.128379167,1.128379167,0,0.000000000,0,228,228,NaN,NaN,100,228,1,706,677,0,0,0.000000000,0.000000000,NaN,1,197
2016-12-16_Animal-001_Control_Male_Lumbar_Slide-0002_Section001.tif:Blue,0,252,0,252,252,252,703.333312988,822.666687012,703.500000000,822.500000000,0,703,823,1,1,1.128379167,1.128379167,0,0.000000000,0,252,252,NaN,NaN,100,252,1,703,676,0,0,0.000000000,0.000000000,NaN,1,197
2016-12-16_Animal-001_Control_Male_Lumbar_Slide-0002_Section001.tif:Blue,0,168,0,168,168,168,700.666687012,823.333312988,700.500000000,823.500000000,0,700,824,1,1,1.128379167,1.128379167,0,0.000000000,0,168,168,NaN,NaN,100,168,1,700,675,0,0,0.000000000,0.000000000,NaN,1,197
2016-12-16_Animal-001_Control_Male_Lumbar_Slide-0002_Section001.tif:Blue,0,186,0,186,186,186,691.333312988,824.333312988,691.500000000,824.500000000,0,691,825,1,1,1.128379167,1.128379167,0,0.000000000,0,186,186,NaN,NaN,100,186,1,691,674,0,0,0.000000000,0.000000000,NaN,1,197
2016-12-16_Animal-001_Control_Male_Lumbar_Slide-0002_Section001.tif:Blue,0,45,0,45,45,45,690.333312988,823.000000000,690.500000000,822.500000000,0,690,823,1,1,1.128379167,1.128379167,0,0.000000000,0,45,45,NaN,NaN,100,45,1,690,676,0,0,0.000000000,0.000000000,NaN,1,197
2016-12-16_Animal-001_Control_Male_Lumbar_Slide-0002_Section001.tif:Blue,0,45,0,45,45,45,690.000000000,823.000000000,690.500000000,822.500000000,0,690,823,1,1,1.128379167,1.128379167,0,0.000000000,0,45,45,NaN,NaN,100,45,1,690,676,0,0,0.000000000,0.000000000,NaN,1,197
2016-12-16_Animal-001_Control_Male_Lumbar_Slide-0002_Section001.tif:Blue,0,85,0,85,85,85,688.666687012,822.666687012,688.500000000,822.500000000,0,688,823,1,1,1.128379167,1.128379167,0,0.000000000,0,85,85,NaN,NaN,100,85,1,688,676,0,0,0.000000000,0.000000000,NaN,1,197
2016-12-16_Animal-001_Control_Male_Lumbar_Slide-0002_Section001.tif:Blue,0,56,0,56,56,56,685.666687012,821.666687012,685.500000000,821.500000000,0,685,822,1,1,1.128379167,1.128379167,0,0.000000000,0,56,56,NaN,NaN,100,56,1,685,677,0,0,0.000000000,0.000000000,NaN,1,197
2016-12-16_Animal-001_Control_Male_Lumbar_Slide-0002_Section001.tif:Blue,0,177,0,177,177,177,681.666687012,820.333312988,681.500000000,820.500000000,0,681,821,1,1,1.128379167,1.128379167,0,0.000000000,0,177,177,NaN,NaN,100,177,1,681,678,0,0,0.000000000,0.000000000,NaN,1,197
2016-12-16_Animal-001_Control_Male_Lumbar_Slide-0002_Section001.tif:Blue,0,53,0,53,53,53,681.000000000,819.333312988,681.500000000,819.500000000,0,681,820,1,1,1.128379167,1.128379167,0,0.000000000,0,53,53,NaN,NaN,100,53,1,681,679,0,0,0.000000000,0.000000000,NaN,1,197
2016-12-16_Animal-001_Control_Male_Lumbar_Slide-0002_Section001.tif:Blue,0,74,0,74,74,74,678.666687012,818.333312988,678.500000000,818.500000000,0,678,819,1,1,1.128379167,1.128379167,0,0.000000000,0,74,74,NaN,NaN,100,74,1,678,680,0,0,0.000000000,0.000000000,NaN,1,197
2016-12-16_Animal-001_Control_Male_Lumbar_Slide-0002_Section001.tif:Blue,0,123,0,123,123,123,671.000000000,808.333312988,671.500000000,808.500000000,0,671,809,1,1,1.128379167,1.128379167,0,0.000000000,0,123,123,NaN,NaN,100,123,1,671,690,0,0,0.000000000,0.000000000,NaN,1,197
2016-12-16_Animal-001_Control_Male_Lumbar_Slide-0002_Section001.tif:Blue,0,123,0,123,123,123,671.000000000,808.333312988,671.500000000,808.500000000,0,671,809,1,1,1.128379167,1.128379167,0,0.000000000,0,123,123,NaN,NaN,100,123,1,671,690,0,0,0.000000000,0.000000000,NaN,1,197
2016-12-16_Animal-001_Control_Male_Lumbar_Slide-0002_Section001.tif:Blue,0,79,0,79,79,79,669.666687012,810.333312988,669.500000000,810.500000000,0,669,811,1,1,1.128379167,1.128379167,0,0.000000000,0,79,79,NaN,NaN,100,79,1,669,688,0,0,0.000000000,0.000000000,NaN,1,197
2016-12-16_Animal-001_Control_Male_Lumbar_Slide-0002_Section001.tif:Blue,0,114,0,114,114,114,669.333312988,812.000000000,669.500000000,811.500000000,0,669,812,1,1,1.128379167,1.128379167,0,0.000000000,0,114,114,NaN,NaN,100,114,1,669,687,0,0,0.000000000,0.000000000,NaN,1,197
2016-12-16_Animal-001_Control_Male_Lumbar_Slide-0002_Section001.tif:Blue,0,136,0,136,136,136,668.666687012,813.000000000,668.500000000,812.500000000,0,668,813,1,1,1.128379167,1.128379167,0,0.000000000,0,136,136,NaN,NaN,100,136,1,668,686,0,0,0.000000000,0.000000000,NaN,1,197
2016-12-16_Animal-001_Control_Male_Lumbar_Slide-0002_Section001.tif:Blue,0,254,0,254,254,254,669.333312988,815.000000000,669.500000000,814.500000000,0,669,815,1,1,1.128379167,1.128379167,0,0.000000000,0,254,254,NaN,NaN,100,254,1,669,684,0,0,0.000000000,0.000000000,NaN,1,197
2016-12-16_Animal-001_Control_Male_Lumbar_Slide-0002_Section001.tif:Blue,0,100,0,100,100,100,673.666687012,817.666687012,673.500000000,817.500000000,0,673,818,1,1,1.128379167,1.128379167,0,0.000000000,0,100,100,NaN,NaN,100,100,1,673,681,0,0,0.000000000,0.000000000,NaN,1,197
2016-12-16_Animal-001_Control_Male_Lumbar_Slide-0002_Section001.tif:Blue,0,138,0,138,138,138,678.000000000,819.666687012,678.500000000,819.500000000,0,678,820,1,1,1.128379167,1.128379167,0,0.000000000,0,138,138,NaN,NaN,100,138,1,678,679,0,0,0.000000000,0.000000000,NaN,1,197
2016-12-16_Animal-001_Control_Male_Lumbar_Slide-0002_Section001.tif:Blue,0,216,0,216,216,216,680.333312988,821.666687012,680.500000000,821.500000000,0,680,822,1,1,1.128379167,1.128379167,0,0.000000000,0,216,216,NaN,NaN,100,216,1,680,677,0,0,0.000000000,0.000000000,NaN,1,197
2016-12-16_Animal-001_Control_Male_Lumbar_Slide-0002_Section001.tif:Blue,0,78,0,78,78,78,685.333312988,823.666687012,685.500000000,823.500000000,0,685,824,1,1,1.128379167,1.128379167,0,0.000000000,0,78,78,NaN,NaN,100,78,1,685,675,0,0,0.000000000,0.000000000,NaN,1,197
2016-12-16_Animal-001_Control_Male_Lumbar_Slide-0002_Section001.tif:Blue,0,211,0,211,211,211,690.666687012,824.666687012,690.500000000,824.500000000,0,690,825,1,1,1.128379167,1.128379167,0,0.000000000,0,211,211,NaN,NaN,100,211,1,690,674,0,0,0.000000000,0.000000000,NaN,1,197
2016-12-16_Animal-001_Control_Male_Lumbar_Slide-0002_Section001.tif:Blue,0,236,0,236,236,236,694.666687012,824.666687012,694.500000000,824.500000000,0,694,825,1,1,1.128379167,1.128379167,0,0.000000000,0,236,236,NaN,NaN,100,236,1,694,674,0,0,0.000000000,0.000000000,NaN,1,197
2016-12-16_Animal-001_Control_Male_Lumbar_Slide-0002_Section001.tif:Blue,0,166,0,166,166,166,701.000000000,825.666687012,701.500000000,825.500000000,0,701,826,1,1,1.128379167,1.128379167,0,0.000000000,0,166,166,NaN,NaN,100,166,1,701,673,0,0,0.000000000,0.000000000,NaN,1,197
2016-12-16_Animal-001_Control_Male_Lumbar_Slide-0002_Section001.tif:Blue,0,184,0,184,184,184,709.333312988,821.666687012,709.500000000,821.500000000,0,709,822,1,1,1.128379167,1.128379167,0,0.000000000,0,184,184,NaN,NaN,100,184,1,709,677,0,0,0.000000000,0.000000000,NaN,1,197
2016-12-16_Animal-001_Control_Male_Lumbar_Slide-0002_Section001.tif:Blue,0,91,0,91,91,91,713.000000000,818.666687012,713.500000000,818.500000000,0,713,819,1,1,1.128379167,1.128379167,0,0.000000000,0,91,91,NaN,NaN,100,91,1,713,680,0,0,0.000000000,0.000000000,NaN,1,197
2016-12-16_Animal-001_Control_Male_Lumbar_Slide-0002_Section001.tif:Blue,0,215,0,215,215,215,710.333312988,821.000000000,710.500000000,820.500000000,0,710,821,1,1,1.128379167,1.128379167,0,0.000000000,0,215,215,NaN,NaN,100,215,1,710,678,0,0,0.000000000,0.000000000,NaN,1,197
2016-12-16_Animal-001_Control_Male_Lumbar_Slide-0002_Section001.tif:Blue,0,175,0,175,175,175,706.666687012,824.000000000,706.500000000,823.500000000,0,706,824,1,1,1.128379167,1.128379167,0,0.000000000,0,175,175,NaN,NaN,100,175,1,706,675,0,0,0.000000000,0.000000000,NaN,1,197
2016-12-16_Animal-001_Control_Male_Lumbar_Slide-0002_Section001.tif:Blue,0,144,0,144,144,144,705.333312988,825.333312988,705.500000000,825.500000000,0,705,826,1,1,1.128379167,1.128379167,0,0.000000000,0,144,144,NaN,NaN,100,144,1,705,673,0,0,0.000000000,0.000000000,NaN,1,197
2016-12-16_Animal-001_Control_Male_Lumbar_Slide-0002_Section001.tif:Blue,0,150,0,150,150,150,704.333312988,827.333312988,704.500000000,827.500000000,0,704,828,1,1,1.128379167,1.128379167,0,0.000000000,0,150,150,NaN,NaN,100,150,1,704,671,0,0,0.000000000,0.000000000,NaN,1,197
2016-12-16_Animal-001_Control_Male_Lumbar_Slide-0002_Section001.tif:Blue,0,187,0,187,187,187,701.333312988,828.000000000,701.500000000,827.500000000,0,701,828,1,1,1.128379167,1.128379167,0,0.000000000,0,187,187,NaN,NaN,100,187,1,701,671,0,0,0.000000000,0.000000000,NaN,1,197
2016-12-16_Animal-001_Control_Male_Lumbar_Slide-0002_Section001.tif:Blue,0,111,0,111,111,111,697.000000000,828.666687012,697.500000000,828.500000000,0,697,829,1,1,1.128379167,1.128379167,0,0.000000000,0,111,111,NaN,NaN,100,111,1,697,670,0,0,0.000000000,0.000000000,NaN,1,197
2016-12-16_Animal-001_Control_Male_Lumbar_Slide-0002_Section001.tif:Blue,0,225,0,225,225,225,692.000000000,829.000000000,692.500000000,828.500000000,0,692,829,1,1,1.128379167,1.128379167,0,0.000000000,0,225,225,NaN,NaN,100,225,1,692,670,0,0,0.000000000,0.000000000,NaN,1,197
2016-12-16_Animal-001_Control_Male_Lumbar_Slide-0002_Section001.tif:Blue,0,46,0,46,46,46,686.333312988,829.333312988,686.500000000,829.500000000,0,686,830,1,1,1.128379167,1.128379167,0,0.000000000,0,46,46,NaN,NaN,100,46,1,686,669,0,0,0.000000000,0.000000000,NaN,1,197
2016-12-16_Animal-001_Control_Male_Lumbar_Slide-0002_Section001.tif:Blue,0,176,0,176,176,176,685.000000000,828.333312988,685.500000000,828.500000000,0,685,829,1,1,1.128379167,1.128379167,0,0.000000000,0,176,176,NaN,NaN,100,176,1,685,670,0,0,0.000000000,0.000000000,NaN,1,197
2016-12-16_Animal-001_Control_Male_Lumbar_Slide-0002_Section001.tif:Blue,0,134,0,134,134,134,682.333312988,828.000000000,682.500000000,827.500000000,0,682,828,1,1,1.128379167,1.128379167,0,0.000000000,0,134,134,NaN,NaN,100,134,1,682,671,0,0,0.000000000,0.000000000,NaN,1,197
2016-12-16_Animal-001_Control_Male_Lumbar_Slide-0002_Section001.tif:Blue,0,184,0,184,184,184,677.666687012,826.000000000,677.500000000,825.500000000,0,677,826,1,1,1.128379167,1.128379167,0,0.000000000,0,184,184,NaN,NaN,100,184,1,677,673,0,0,0.000000000,0.000000000,NaN,1,197
2016-12-16_Animal-001_Control_Male_Lumbar_Slide-0002_Section001.tif:Blue,0,184,0,184,184,184,677.333312988,825.333312988,677.500000000,825.500000000,0,677,826,1,1,1.128379167,1.128379167,0,0.000000000,0,184,184,NaN,NaN,100,184,1,677,673,0,0,0.000000000,0.000000000,NaN,1,197
2016-12-16_Animal-001_Control_Male_Lumbar_Slide-0002_Section001.tif:Blue,0,179,0,179,179,179,674.666687012,824.000000000,674.500000000,823.500000000,0,674,824,1,1,1.128379167,1.128379167,0,0.000000000,0,179,179,NaN,NaN,100,179,1,674,675,0,0,0.000000000,0.000000000,NaN,1,197
2016-12-16_Animal-001_Control_Male_Lumbar_Slide-0002_Section001.tif:Blue,0,197,0,197,197,197,673.000000000,822.000000000,673.500000000,821.500000000,0,673,822,1,1,1.128379167,1.128379167,0,0.000000000,0,197,197,NaN,NaN,100,197,1,673,677,0,0,0.000000000,0.000000000,NaN,1,197
2016-12-16_Animal-001_Control_Male_Lumbar_Slide-0002_Section001.tif:Blue,0,230,0,230,230,230,671.000000000,820.000000000,671.500000000,819.500000000,0,671,820,1,1,1.128379167,1.128379167,0,0.000000000,0,230,230,NaN,NaN,100,230,1,671,679,0,0,0.000000000,0.000000000,NaN,1,197
2016-12-16_Animal-001_Control_Male_Lumbar_Slide-0002_Section001.tif:Blue,0,105,0,105,105,105,669.666687012,816.333312988,669.500000000,816.500000000,0,669,817,1,1,1.128379167,1.128379167,0,0.000000000,0,105,105,NaN,NaN,100,105,1,669,682,0,0,0.000000000,0.000000000,NaN,1,197
2016-12-16_Animal-001_Control_Male_Lumbar_Slide-0002_Section001.tif:Blue,0,89,0,89,89,89,669.333312988,815.666687012,669.500000000,815.500000000,0,669,816,1,1,1.128379167,1.128379167,0,0.000000000,0,89,89,NaN,NaN,100,89,1,669,683,0,0,0.000000000,0.000000000,NaN,1,197
2016-12-16_Animal-001_Control_Male_Lumbar_Slide-0002_Section001.tif:Blue,0,136,0,136,136,136,668.333312988,813.000000000,668.500000000,812.500000000,0,668,813,1,1,1.128379167,1.128379167,0,0.000000000,0,136,136,NaN,NaN,100,136,1,668,686,0,0,0.000000000,0.000000000,NaN,1,197
2016-12-16_Animal-001_Control_Male_Lumbar_Slide-0002_Section001.tif:Blue,0,242,0,242,242,242,668.333312988,812.000000000,668.500000000,811.500000000,0,668,812,1,1,1.128379167,1.128379167,0,0.000000000,0,242,242,NaN,NaN,100,242,1,668,687,0,0,0.000000000,0.000000000,NaN,1,197
2016-12-16_Animal-001_Control_Male_Lumbar_Slide-0002_Section001.tif:Blue,0,255,0,255,255,255,671.333312988,806.666687012,671.500000000,806.500000000,0,671,807,1,1,1.128379167,1.128379167,0,0.000000000,0,255,255,NaN,NaN,100,255,1,671,692,0,0,0.000000000,0.000000000,NaN,1,197
2016-12-16_Animal-001_Control_Male_Lumbar_Slide-0002_Section001.tif:Blue,0,139,0,139,139,139,673.666687012,811.333312988,673.500000000,811.500000000,0,673,812,1,1,1.128379167,1.128379167,0,0.000000000,0,139,139,NaN,NaN,100,139,1,673,687,0,0,0.000000000,0.000000000,NaN,1,197
2016-12-16_Animal-001_Control_Male_Lumbar_Slide-0002_Section001.tif:Blue,0,54,0,54,54,54,672.333312988,815.666687012,672.500000000,815.500000000,0,672,816,1,1,1.128379167,1.128379167,0,0.000000000,0,54,54,NaN,NaN,100,54,1,672,683,0,0,0.000000000,0.000000000,NaN,1,197
2016-12-16_Animal-001_Control_Male_Lumbar_Slide-0002_Section001.tif:Blue,0,216,0,216,216,216,677.666687012,820.666687012,677.500000000,820.500000000,0,677,821,1,1,1.128379167,1.128379167,0,0.000000000,0,216,216,NaN,NaN,100,216,1,677,678,0,0,0.000000000,0.000000000,NaN,1,197
2016-12-16_Animal-001_Control_Male_Lumbar_Slide-0002_Section001.tif:Blue,0,222,0,222,222,222,681.000000000,822.000000000,681.500000000,821.500000000,0,681,822,1,1,1.128379167,1.128379167,0,0.000000000,0,222,222,NaN,NaN,100,222,1,681,677,0,0,0.000000000,0.000000000,NaN,1,197
2016-12-16_Animal-001_Control_Male_Lumbar_Slide-0002_Section001.tif:Blue,0,142,0,142,142,142,686.666687012,824.333312988,686.500000000,824.500000000,0,686,825,1,1,1.128379167,1.128379167,0,0.000000000,0,142,142,NaN,NaN,100,142,1,686,674,0,0,0.000000000,0.000000000,NaN,1,197
2016-12-16_Animal-001_Control_Male_Lumbar_Slide-0002_Section001.tif:Blue,0,207,0,207,207,207,688.333312988,825.333312988,688.500000000,825.500000000,0,688,826,1,1,1.128379167,1.128379167,0,0.000000000,0,207,207,NaN,NaN,100,207,1,688,673,0,0,0.000000000,0.000000000,NaN,1,197
2016-12-16_Animal-001_Control_Male_Lumbar_Slide-0002_Section001.tif:Blue,0,181,0,181,181,181,694.000000000,825.666687012,694.500000000,825.500000000,0,694,826,1,1,1.128379167,1.128379167,0,0.000000000,0,181,181,NaN,NaN,100,181,1,694,673,0,0,0.000000000,0.000000000,NaN,1,197
2016-12-16_Animal-001_Control_Male_Lumbar_Slide-0002_Section001.tif:Blue,0,232,0,232,232,232,698.000000000,824.666687012,698.500000000,824.500000000,0,698,825,1,1,1.128379167,1.128379167,0,0.000000000,0,232,232,NaN,NaN,100,232,1,698,674,0,0,0.000000000,0.000000000,NaN,1,197
2016-12-16_Animal-001_Control_Male_Lumbar_Slide-0002_Section001.tif:Blue,0,254,0,254,254,254,704.000000000,823.333312988,704.500000000,823.500000000,0,704,824,1,1,1.128379167,1.128379167,0,0.000000000,0,254,254,NaN,NaN,100,254,1,704,675,0,0,0.000000000,0.000000000,NaN,1,197
2016-12-16_Animal-001_Control_Male_Lumbar_Slide-0002_Section001.tif:Blue,0,130,0,130,130,130,705.666687012,821.666687012,705.500000000,821.500000000,0,705,822,1,1,1.128379167,1.128379167,0,0.000000000,0,130,130,NaN,NaN,100,130,1,705,677,0,0,0.000000000,0.000000000,NaN,1,197
2016-12-16_Animal-001_Control_Male_Lumbar_Slide-0002_Section001.tif:Blue,0,255,0,255,255,255,710.333312988,818.333312988,710.500000000,818.500000000,0,710,819,1,1,1.128379167,1.128379167,0,0.000000000,0,255,255,NaN,NaN,100,255,1,710,680,0,0,0.000000000,0.000000000,NaN,1,197
2016-12-16_Animal-001_Control_Male_Lumbar_Slide-0002_Section001.tif:Blue,0,255,0,255,255,255,692.666687012,826.000000000,692.500000000,825.500000000,0,692,826,1,1,1.128379167,1.128379167,0,0.000000000,0,255,255,NaN,NaN,100,255,1,692,673,0,0,0.000000000,0.000000000,NaN,1,197
2016-12-16_Animal-001_Control_Male_Lumbar_Slide-0002_Section001.tif:Blue,0,183,0,183,183,183,687.333312988,827.000000000,687.500000000,826.500000000,0,687,827,1,1,1.128379167,1.128379167,0,0.000000000,0,183,183,NaN,NaN,100,183,1,687,672,0,0,0.000000000,0.000000000,NaN,1,197
2016-12-16_Animal-001_Control_Male_Lumbar_Slide-0002_Section001.tif:Blue,0,180,0,180,180,180,678.666687012,826.000000000,678.500000000,825.500000000,0,678,826,1,1,1.128379167,1.128379167,0,0.000000000,0,180,180,NaN,NaN,100,180,1,678,673,0,0,0.000000000,0.000000000,NaN,1,197
2016-12-16_Animal-001_Control_Male_Lumbar_Slide-0002_Section001.tif:Blue,0,112,0,112,112,112,678.000000000,825.000000000,678.500000000,824.500000000,0,678,825,1,1,1.128379167,1.128379167,0,0.000000000,0,112,112,NaN,NaN,100,112,1,678,674,0,0,0.000000000,0.000000000,NaN,1,197
2016-12-16_Animal-001_Control_Male_Lumbar_Slide-0002_Section001.tif:Blue,0,244,0,244,244,244,688.666687012,827.666687012,688.500000000,827.500000000,0,688,828,1,1,1.128379167,1.128379167,0,0.000000000,0,244,244,NaN,NaN,100,244,1,688,671,0,0,0.000000000,0.000000000,NaN,1,197
2016-12-16_Animal-001_Control_Male_Lumbar_Slide-0002_Section001.tif:Blue,0,172,0,172,172,172,696.666687012,828.333312988,696.500000000,828.500000000,0,696,829,1,1,1.128379167,1.128379167,0,0.000000000,0,172,172,NaN,NaN,100,172,1,696,670,0,0,0.000000000,0.000000000,NaN,1,197
