"Label","Area","Mean","StdDev","Mode","Min","Max","X","Y","XM","YM","Perim.","BX","BY","Width","Height","Major","Minor","Angle","Circ.","Feret","IntDen","Median","Skew","Kurt","X.Area","RawIntDen","Ch","FeretX","FeretY","FeretAngle","MinFeret","AR","Round","Solidity","Counter","Count","File_ID","Channel","X.Pixel","Y.Pixel","X.Pixel.Centered","Y.Pixel.Centered","X.Scaled","Y.Scaled"
"2016-12-16_Animal-001_Control_Male_Lumbar_Slide-0002_Section001.tif:Blue",0,255,0,255,255,255,778,814.333312988,778.5,814.5,0,778,815,1,1,1.128379167,1.128379167,0,0,0,255,255,NA,NA,100,255,1,778,684,0,0,0,0,NA,1,197,"2016-12-16_Animal-001_Control_Male_Lumbar_Slide-0002_Section001","Blue",778,814.333312988,26.5,66.833312988,0.216326530612245,0.692573191585492
"2016-12-16_Animal-001_Control_Male_Lumbar_Slide-0002_Section001.tif:Blue",0,242,0,242,242,242,777.666687012,817,777.5,816.5,0,777,817,1,1,1.128379167,1.128379167,0,0,0,242,242,NA,NA,100,242,1,777,682,0,0,0,0,NA,1,197,"2016-12-16_Animal-001_Control_Male_Lumbar_Slide-0002_Section001","Blue",777.666687012,817,26.166687012,69.5,0.213605608261225,0.72020725388601
"2016-12-16_Animal-001_Control_Male_Lumbar_Slide-0002_Section001.tif:Blue",0,241,0,241,241,241,779,818,779.5,817.5,0,779,818,1,1,1.128379167,1.128379167,0,0,0,241,241,NA,NA,100,241,1,779,681,0,0,0,0,NA,1,197,"2016-12-16_Animal-001_Control_Male_Lumbar_Slide-0002_Section001","Blue",779,818,27.5,70.5,0.224489795918367,0.730569948186529
"2016-12-16_Animal-001_Control_Male_Lumbar_Slide-0002_Section001.tif:Blue",0,167,0,167,167,167,783.333312988,825.666687012,783.5,825.5,0,783,826,1,1,1.128379167,1.128379167,0,0,0,167,167,NA,NA,100,167,1,783,673,0,0,0,0,NA,1,197,"2016-12-16_Animal-001_Control_Male_Lumbar_Slide-0002_Section001","Blue",783.333312988,825.666687012,31.833312988,78.166687012,0.259863779493877,0.810017481989637
"2016-12-16_Animal-001_Control_Male_Lumbar_Slide-0002_Section001.tif:Blue",0,203,0,203,203,203,780.333312988,820.333312988,780.5,820.5,0,780,821,1,1,1.128379167,1.128379167,0,0,0,203,203,NA,NA,100,203,1,780,678,0,0,0,0,NA,1,197,"2016-12-16_Animal-001_Control_Male_Lumbar_Slide-0002_Section001","Blue",780.333312988,820.333312988,28.833312988,72.833312988,0.23537398357551,0.754749357388601
"2016-12-16_Animal-001_Control_Male_Lumbar_Slide-0002_Section001.tif:Blue",0,203,0,203,203,203,780.333312988,820.333312988,780.5,820.5,0,780,821,1,1,1.128379167,1.128379167,0,0,0,203,203,NA,NA,100,203,1,780,678,0,0,0,0,NA,1,197,"2016-12-16_Animal-001_Control_Male_Lumbar_Slide-0002_Section001","Blue",780.333312988,820.333312988,28.833312988,72.833312988,0.23537398357551,0.754749357388601
"2016-12-16_Animal-001_Control_Male_Lumbar_Slide-0002_Section001.tif:Blue",0,55,0,55,55,55,783.333312988,816,783.5,815.5,0,783,816,1,1,1.128379167,1.128379167,0,0,0,55,55,NA,NA,100,55,1,783,683,0,0,0,0,NA,1,197,"2016-12-16_Animal-001_Control_Male_Lumbar_Slide-0002_Section001","Blue",783.333312988,816,31.833312988,68.5,0.259863779493877,0.709844559585492
"2016-12-16_Animal-001_Control_Male_Lumbar_Slide-0002_Section001.tif:Blue",0,60,0,60,60,60,784,816,784.5,815.5,0,784,816,1,1,1.128379167,1.128379167,0,0,0,60,60,NA,NA,100,60,1,784,683,0,0,0,0,NA,1,197,"2016-12-16_Animal-001_Control_Male_Lumbar_Slide-0002_Section001","Blue",784,816,32.5,68.5,0.26530612244898,0.709844559585492
"2016-12-16_Animal-001_Control_Male_Lumbar_Slide-0002_Section001.tif:Blue",0,201,0,201,201,201,785,821,785.5,820.5,0,785,821,1,1,1.128379167,1.128379167,0,0,0,201,201,NA,NA,100,201,1,785,678,0,0,0,0,NA,1,197,"2016-12-16_Animal-001_Control_Male_Lumbar_Slide-0002_Section001","Blue",785,821,33.5,73.5,0.273469387755102,0.761658031088083
"2016-12-16_Animal-001_Control_Male_Lumbar_Slide-0002_Section001.tif:Blue",0,255,0,255,255,255,785.666687012,821.666687012,785.5,821.5,0,785,822,1,1,1.128379167,1.128379167,0,0,0,255,255,NA,NA,100,255,1,785,677,0,0,0,0,NA,1,197,"2016-12-16_Animal-001_Control_Male_Lumbar_Slide-0002_Section001","Blue",785.666687012,821.666687012,34.166687012,74.166687012,0.278911730710204,0.768566704787565
"2016-12-16_Animal-001_Control_Male_Lumbar_Slide-0002_Section001.tif:Blue",0,128,0,128,128,128,787.333312988,823.333312988,787.5,823.5,0,787,824,1,1,1.128379167,1.128379167,0,0,0,128,128,NA,NA,100,128,1,787,675,0,0,0,0,NA,1,197,"2016-12-16_Animal-001_Control_Male_Lumbar_Slide-0002_Section001","Blue",787.333312988,823.333312988,35.833312988,75.833312988,0.292516840718367,0.785837440290155
"2016-12-16_Animal-001_Control_Male_Lumbar_Slide-0002_Section001.tif:Blue",0,253,0,253,253,253,789,824.666687012,789.5,824.5,0,789,825,1,1,1.128379167,1.128379167,0,0,0,253,253,NA,NA,100,253,1,789,674,0,0,0,0,NA,1,197,"2016-12-16_Animal-001_Control_Male_Lumbar_Slide-0002_Section001","Blue",789,824.666687012,37.5,77.166687012,0.306122448979592,0.799654787689119
"2016-12-16_Animal-001_Control_Male_Lumbar_Slide-0002_Section001.tif:Blue",0,195,0,195,195,195,790.333312988,825.666687012,790.5,825.5,0,790,826,1,1,1.128379167,1.128379167,0,0,0,195,195,NA,NA,100,195,1,790,673,0,0,0,0,NA,1,197,"2016-12-16_Animal-001_Control_Male_Lumbar_Slide-0002_Section001","Blue",790.333312988,825.666687012,38.833312988,78.166687012,0.317006636636735,0.810017481989637
"2016-12-16_Animal-001_Control_Male_Lumbar_Slide-0002_Section001.tif:Blue",0,95,0,95,95,95,793.333312988,827,793.5,826.5,0,793,827,1,1,1.128379167,1.128379167,0,0,0,95,95,NA,NA,100,95,1,793,672,0,0,0,0,NA,1,197,"2016-12-16_Animal-001_Control_Male_Lumbar_Slide-0002_Section001","Blue",793.333312988,827,41.833312988,79.5,0.341496432555102,0.823834196891192
"2016-12-16_Animal-001_Control_Male_Lumbar_Slide-0002_Section001.tif:Blue",0,169,0,169,169,169,796,828,796.5,827.5,0,796,828,1,1,1.128379167,1.128379167,0,0,0,169,169,NA,NA,100,169,1,796,671,0,0,0,0,NA,1,197,"2016-12-16_Animal-001_Control_Male_Lumbar_Slide-0002_Section001","Blue",796,828,44.5,80.5,0.363265306122449,0.83419689119171
"2016-12-16_Animal-001_Control_Male_Lumbar_Slide-0002_Section001.tif:Blue",0,91,0,91,91,91,797.333312988,828.666687012,797.5,828.5,0,797,829,1,1,1.128379167,1.128379167,0,0,0,91,91,NA,NA,100,91,1,797,670,0,0,0,0,NA,1,197,"2016-12-16_Animal-001_Control_Male_Lumbar_Slide-0002_Section001","Blue",797.333312988,828.666687012,45.833312988,81.166687012,0.374149493779592,0.841105564891192
"2016-12-16_Animal-001_Control_Male_Lumbar_Slide-0002_Section001.tif:Blue",0,47,0,47,47,47,798.666687012,828.666687012,798.5,828.5,0,798,829,1,1,1.128379167,1.128379167,0,0,0,47,47,NA,NA,100,47,1,798,670,0,0,0,0,NA,1,197,"2016-12-16_Animal-001_Control_Male_Lumbar_Slide-0002_Section001","Blue",798.666687012,828.666687012,47.166687012,81.166687012,0.385034179689796,0.841105564891192
"2016-12-16_Animal-001_Control_Male_Lumbar_Slide-0002_Section001.tif:Blue",0,59,0,59,59,59,801.333312988,828.666687012,801.5,828.5,0,801,829,1,1,1.128379167,1.128379167,0,0,0,59,59,NA,NA,100,59,1,801,670,0,0,0,0,NA,1,197,"2016-12-16_Animal-001_Control_Male_Lumbar_Slide-0002_Section001","Blue",801.333312988,828.666687012,49.833312988,81.166687012,0.406802555004082,0.841105564891192
"2016-12-16_Animal-001_Control_Male_Lumbar_Slide-0002_Section001.tif:Blue",0,160,0,160,160,160,806,828.666687012,806.5,828.5,0,806,829,1,1,1.128379167,1.128379167,0,0,0,160,160,NA,NA,100,160,1,806,670,0,0,0,0,NA,1,197,"2016-12-16_Animal-001_Control_Male_Lumbar_Slide-0002_Section001","Blue",806,828.666687012,54.5,81.166687012,0.444897959183673,0.841105564891192
"2016-12-16_Animal-001_Control_Male_Lumbar_Slide-0002_Section001.tif:Blue",0,93,0,93,93,93,807.666687012,828.666687012,807.5,828.5,0,807,829,1,1,1.128379167,1.128379167,0,0,0,93,93,NA,NA,100,93,1,807,670,0,0,0,0,NA,1,197,"2016-12-16_Animal-001_Control_Male_Lumbar_Slide-0002_Section001","Blue",807.666687012,828.666687012,56.166687012,81.166687012,0.458503567444898,0.841105564891192
"2016-12-16_Animal-001_Control_Male_Lumbar_Slide-0002_Section001.tif:Blue",0,83,0,83,83,83,810.333312988,828,810.5,827.5,0,810,828,1,1,1.128379167,1.128379167,0,0,0,83,83,NA,NA,100,83,1,810,671,0,0,0,0,NA,1,197,"2016-12-16_Animal-001_Control_Male_Lumbar_Slide-0002_Section001","Blue",810.333312988,828,58.833312988,80.5,0.480271942759184,0.83419689119171
"2016-12-16_Animal-001_Control_Male_Lumbar_Slide-0002_Section001.tif:Blue",0,108,0,108,108,108,812,827.333312988,812.5,827.5,0,812,828,1,1,1.128379167,1.128379167,0,0,0,108,108,NA,NA,100,108,1,812,671,0,0,0,0,NA,1,197,"2016-12-16_Animal-001_Control_Male_Lumbar_Slide-0002_Section001","Blue",812,827.333312988,60.5,79.833312988,0.493877551020408,0.827288217492228
"2016-12-16_Animal-001_Control_Male_Lumbar_Slide-0002_Section001.tif:Blue",0,80,0,80,80,80,814,826,814.5,825.5,0,814,826,1,1,1.128379167,1.128379167,0,0,0,80,80,NA,NA,100,80,1,814,673,0,0,0,0,NA,1,197,"2016-12-16_Animal-001_Control_Male_Lumbar_Slide-0002_Section001","Blue",814,826,62.5,78.5,0.510204081632653,0.813471502590674
"2016-12-16_Animal-001_Control_Male_Lumbar_Slide-0002_Section001.tif:Blue",0,76,0,76,76,76,815,826,815.5,825.5,0,815,826,1,1,1.128379167,1.128379167,0,0,0,76,76,NA,NA,100,76,1,815,673,0,0,0,0,NA,1,197,"2016-12-16_Animal-001_Control_Male_Lumbar_Slide-0002_Section001","Blue",815,826,63.5,78.5,0.518367346938776,0.813471502590674
"2016-12-16_Animal-001_Control_Male_Lumbar_Slide-0002_Section001.tif:Blue",0,178,0,178,178,178,817.333312988,825.666687012,817.5,825.5,0,817,826,1,1,1.128379167,1.128379167,0,0,0,178,178,NA,NA,100,178,1,817,673,0,0,0,0,NA,1,197,"2016-12-16_Animal-001_Control_Male_Lumbar_Slide-0002_Section001","Blue",817.333312988,825.666687012,65.833312988,78.166687012,0.537414799902041,0.810017481989637
"2016-12-16_Animal-001_Control_Male_Lumbar_Slide-0002_Section001.tif:Blue",0,50,0,50,50,50,818.333312988,824.666687012,818.5,824.5,0,818,825,1,1,1.128379167,1.128379167,0,0,0,50,50,NA,NA,100,50,1,818,674,0,0,0,0,NA,1,197,"2016-12-16_Animal-001_Control_Male_Lumbar_Slide-0002_Section001","Blue",818.333312988,824.666687012,66.833312988,77.166687012,0.545578065208163,0.799654787689119
"2016-12-16_Animal-001_Control_Male_Lumbar_Slide-0002_Section001.tif:Blue",0,211,0,211,211,211,820,822.333312988,820.5,822.5,0,820,823,1,1,1.128379167,1.128379167,0,0,0,211,211,NA,NA,100,211,1,820,676,0,0,0,0,NA,1,197,"2016-12-16_Animal-001_Control_Male_Lumbar_Slide-0002_Section001","Blue",820,822.333312988,68.5,74.833312988,0.559183673469388,0.775474745989637
"2016-12-16_Animal-001_Control_Male_Lumbar_Slide-0002_Section001.tif:Blue",0,198,0,198,198,198,820,821.333312988,820.5,821.5,0,820,822,1,1,1.128379167,1.128379167,0,0,0,198,198,NA,NA,100,198,1,820,677,0,0,0,0,NA,1,197,"2016-12-16_Animal-001_Control_Male_Lumbar_Slide-0002_Section001","Blue",820,821.333312988,68.5,73.833312988,0.559183673469388,0.765112051689119
"2016-12-16_Animal-001_Control_Male_Lumbar_Slide-0002_Section001.tif:Blue",0,24,0,24,24,24,820.333312988,819,820.5,818.5,0,820,819,1,1,1.128379167,1.128379167,0,0,0,24,24,NA,NA,100,24,1,820,680,0,0,0,0,NA,1,197,"2016-12-16_Animal-001_Control_Male_Lumbar_Slide-0002_Section001","Blue",820.333312988,819,68.833312988,71.5,0.561904595820408,0.740932642487047
"2016-12-16_Animal-001_Control_Male_Lumbar_Slide-0002_Section001.tif:Blue",0,49,0,49,49,49,820.666687012,816.666687012,820.5,816.5,0,820,817,1,1,1.128379167,1.128379167,0,0,0,49,49,NA,NA,100,49,1,820,682,0,0,0,0,NA,1,197,"2016-12-16_Animal-001_Control_Male_Lumbar_Slide-0002_Section001","Blue",820.666687012,816.666687012,69.166687012,69.166687012,0.56462601642449,0.716753233284974
"2016-12-16_Animal-001_Control_Male_Lumbar_Slide-0002_Section001.tif:Blue",0,83,0,83,83,83,821.666687012,813.666687012,821.5,813.5,0,821,814,1,1,1.128379167,1.128379167,0,0,0,83,83,NA,NA,100,83,1,821,685,0,0,0,0,NA,1,197,"2016-12-16_Animal-001_Control_Male_Lumbar_Slide-0002_Section001","Blue",821.666687012,813.666687012,70.166687012,66.166687012,0.572789281730612,0.68566515038342
"2016-12-16_Animal-001_Control_Male_Lumbar_Slide-0002_Section001.tif:Blue",0,106,0,106,106,106,822,811.666687012,822.5,811.5,0,822,812,1,1,1.128379167,1.128379167,0,0,0,106,106,NA,NA,100,106,1,822,687,0,0,0,0,NA,1,197,"2016-12-16_Animal-001_Control_Male_Lumbar_Slide-0002_Section001","Blue",822,811.666687012,70.5,64.166687012,0.575510204081633,0.664939761782384
"2016-12-16_Animal-001_Control_Male_Lumbar_Slide-0002_Section001.tif:Blue",0,172,0,172,172,172,822.333312988,810,822.5,809.5,0,822,810,1,1,1.128379167,1.128379167,0,0,0,172,172,NA,NA,100,172,1,822,689,0,0,0,0,NA,1,197,"2016-12-16_Animal-001_Control_Male_Lumbar_Slide-0002_Section001","Blue",822.333312988,810,70.833312988,62.5,0.578231126432653,0.647668393782383
"2016-12-16_Animal-001_Control_Male_Lumbar_Slide-0002_Section001.tif:Blue",0,171,0,171,171,171,825,810,825.5,809.5,0,825,810,1,1,1.128379167,1.128379167,0,0,0,171,171,NA,NA,100,171,1,825,689,0,0,0,0,NA,1,197,"2016-12-16_Animal-001_Control_Male_Lumbar_Slide-0002_Section001","Blue",825,810,73.5,62.5,0.6,0.647668393782383
"2016-12-16_Animal-001_Control_Male_Lumbar_Slide-0002_Section001.tif:Blue",0,146,0,146,146,146,825,811.333312988,825.5,811.5,0,825,812,1,1,1.128379167,1.128379167,0,0,0,146,146,NA,NA,100,146,1,825,687,0,0,0,0,NA,1,197,"2016-12-16_Animal-001_Control_Male_Lumbar_Slide-0002_Section001","Blue",825,811.333312988,73.5,63.833312988,0.6,0.661485108683938
"2016-12-16_Animal-001_Control_Male_Lumbar_Slide-0002_Section001.tif:Blue",0,190,0,190,190,190,825,815,825.5,814.5,0,825,815,1,1,1.128379167,1.128379167,0,0,0,190,190,NA,NA,100,190,1,825,684,0,0,0,0,NA,1,197,"2016-12-16_Animal-001_Control_Male_Lumbar_Slide-0002_Section001","Blue",825,815,73.5,67.5,0.6,0.699481865284974
"2016-12-16_Animal-001_Control_Male_Lumbar_Slide-0002_Section001.tif:Blue",0,214,0,214,214,214,825,818.333312988,825.5,818.5,0,825,819,1,1,1.128379167,1.128379167,0,0,0,214,214,NA,NA,100,214,1,825,680,0,0,0,0,NA,1,197,"2016-12-16_Animal-001_Control_Male_Lumbar_Slide-0002_Section001","Blue",825,818.333312988,73.5,70.833312988,0.6,0.734023968787565
"2016-12-16_Animal-001_Control_Male_Lumbar_Slide-0002_Section001.tif:Blue",0,142,0,142,142,142,824,820.666687012,824.5,820.5,0,824,821,1,1,1.128379167,1.128379167,0,0,0,142,142,NA,NA,100,142,1,824,678,0,0,0,0,NA,1,197,"2016-12-16_Animal-001_Control_Male_Lumbar_Slide-0002_Section001","Blue",824,820.666687012,72.5,73.166687012,0.591836734693878,0.758204010487047
"2016-12-16_Animal-001_Control_Male_Lumbar_Slide-0002_Section001.tif:Blue",0,143,0,143,143,143,822,823.333312988,822.5,823.5,0,822,824,1,1,1.128379167,1.128379167,0,0,0,143,143,NA,NA,100,143,1,822,675,0,0,0,0,NA,1,197,"2016-12-16_Animal-001_Control_Male_Lumbar_Slide-0002_Section001","Blue",822,823.333312988,70.5,75.833312988,0.575510204081633,0.785837440290155
"2016-12-16_Animal-001_Control_Male_Lumbar_Slide-0002_Section001.tif:Blue",0,145,0,145,145,145,820,825.666687012,820.5,825.5,0,820,826,1,1,1.128379167,1.128379167,0,0,0,145,145,NA,NA,100,145,1,820,673,0,0,0,0,NA,1,197,"2016-12-16_Animal-001_Control_Male_Lumbar_Slide-0002_Section001","Blue",820,825.666687012,68.5,78.166687012,0.559183673469388,0.810017481989637
"2016-12-16_Animal-001_Control_Male_Lumbar_Slide-0002_Section001.tif:Blue",0,105,0,105,105,105,817,828,817.5,827.5,0,817,828,1,1,1.128379167,1.128379167,0,0,0,105,105,NA,NA,100,105,1,817,671,0,0,0,0,NA,1,197,"2016-12-16_Animal-001_Control_Male_Lumbar_Slide-0002_Section001","Blue",817,828,65.5,80.5,0.53469387755102,0.83419689119171
"2016-12-16_Animal-001_Control_Male_Lumbar_Slide-0002_Section001.tif:Blue",0,206,0,206,206,206,815.333312988,829.333312988,815.5,829.5,0,815,830,1,1,1.128379167,1.128379167,0,0,0,206,206,NA,NA,100,206,1,815,669,0,0,0,0,NA,1,197,"2016-12-16_Animal-001_Control_Male_Lumbar_Slide-0002_Section001","Blue",815.333312988,829.333312988,63.833312988,81.833312988,0.521088269289796,0.848013606093264
"2016-12-16_Animal-001_Control_Male_Lumbar_Slide-0002_Section001.tif:Blue",0,129,0,129,129,129,813,830.333312988,813.5,830.5,0,813,831,1,1,1.128379167,1.128379167,0,0,0,129,129,NA,NA,100,129,1,813,668,0,0,0,0,NA,1,197,"2016-12-16_Animal-001_Control_Male_Lumbar_Slide-0002_Section001","Blue",813,830.333312988,61.5,82.833312988,0.502040816326531,0.858376300393782
"2016-12-16_Animal-001_Control_Male_Lumbar_Slide-0002_Section001.tif:Blue",0,163,0,163,163,163,809.333312988,832,809.5,831.5,0,809,832,1,1,1.128379167,1.128379167,0,0,0,163,163,NA,NA,100,163,1,809,667,0,0,0,0,NA,1,197,"2016-12-16_Animal-001_Control_Male_Lumbar_Slide-0002_Section001","Blue",809.333312988,832,57.833312988,84.5,0.472108677453061,0.875647668393782
"2016-12-16_Animal-001_Control_Male_Lumbar_Slide-0002_Section001.tif:Blue",0,218,0,218,218,218,808.333312988,832,808.5,831.5,0,808,832,1,1,1.128379167,1.128379167,0,0,0,218,218,NA,NA,100,218,1,808,667,0,0,0,0,NA,1,197,"2016-12-16_Animal-001_Control_Male_Lumbar_Slide-0002_Section001","Blue",808.333312988,832,56.833312988,84.5,0.463945412146939,0.875647668393782
"2016-12-16_Animal-001_Control_Male_Lumbar_Slide-0002_Section001.tif:Blue",0,254,0,254,254,254,804.666687012,832,804.5,831.5,0,804,832,1,1,1.128379167,1.128379167,0,0,0,254,254,NA,NA,100,254,1,804,667,0,0,0,0,NA,1,197,"2016-12-16_Animal-001_Control_Male_Lumbar_Slide-0002_Section001","Blue",804.666687012,832,53.166687012,84.5,0.434013771526531,0.875647668393782
"2016-12-16_Animal-001_Control_Male_Lumbar_Slide-0002_Section001.tif:Blue",0,234,0,234,234,234,800,832.666687012,800.5,832.5,0,800,833,1,1,1.128379167,1.128379167,0,0,0,234,234,NA,NA,100,234,1,800,666,0,0,0,0,NA,1,197,"2016-12-16_Animal-001_Control_Male_Lumbar_Slide-0002_Section001","Blue",800,832.666687012,48.5,85.166687012,0.395918367346939,0.882556342093264
"2016-12-16_Animal-001_Control_Male_Lumbar_Slide-0002_Section001.tif:Blue",0,212,0,212,212,212,799.333312988,832.666687012,799.5,832.5,0,799,833,1,1,1.128379167,1.128379167,0,0,0,212,212,NA,NA,100,212,1,799,666,0,0,0,0,NA,1,197,"2016-12-16_Animal-001_Control_Male_Lumbar_Slide-0002_Section001","Blue",799.333312988,832.666687012,47.833312988,85.166687012,0.390476024391837,0.882556342093264
"2016-12-16_Animal-001_Control_Male_Lumbar_Slide-0002_Section001.tif:Blue",0,186,0,186,186,186,797.333312988,832,797.5,831.5,0,797,832,1,1,1.128379167,1.128379167,0,0,0,186,186,NA,NA,100,186,1,797,667,0,0,0,0,NA,1,197,"2016-12-16_Animal-001_Control_Male_Lumbar_Slide-0002_Section001","Blue",797.333312988,832,45.833312988,84.5,0.374149493779592,0.875647668393782
"2016-12-16_Animal-001_Control_Male_Lumbar_Slide-0002_Section001.tif:Blue",0,121,0,121,121,121,791.666687012,831,791.5,830.5,0,791,831,1,1,1.128379167,1.128379167,0,0,0,121,121,NA,NA,100,121,1,791,668,0,0,0,0,NA,1,197,"2016-12-16_Animal-001_Control_Male_Lumbar_Slide-0002_Section001","Blue",791.666687012,831,40.166687012,83.5,0.327891322546939,0.865284974093264
"2016-12-16_Animal-001_Control_Male_Lumbar_Slide-0002_Section001.tif:Blue",0,206,0,206,206,206,791.666687012,829.333312988,791.5,829.5,0,791,830,1,1,1.128379167,1.128379167,0,0,0,206,206,NA,NA,100,206,1,791,669,0,0,0,0,NA,1,197,"2016-12-16_Animal-001_Control_Male_Lumbar_Slide-0002_Section001","Blue",791.666687012,829.333312988,40.166687012,81.833312988,0.327891322546939,0.848013606093264
"2016-12-16_Animal-001_Control_Male_Lumbar_Slide-0002_Section001.tif:Blue",0,54,0,54,54,54,790.666687012,828.333312988,790.5,828.5,0,790,829,1,1,1.128379167,1.128379167,0,0,0,54,54,NA,NA,100,54,1,790,670,0,0,0,0,NA,1,197,"2016-12-16_Animal-001_Control_Male_Lumbar_Slide-0002_Section001","Blue",790.666687012,828.333312988,39.166687012,80.833312988,0.319728057240816,0.837650911792746
"2016-12-16_Animal-001_Control_Male_Lumbar_Slide-0002_Section001.tif:Blue",0,209,0,209,209,209,787.666687012,825.666687012,787.5,825.5,0,787,826,1,1,1.128379167,1.128379167,0,0,0,209,209,NA,NA,100,209,1,787,673,0,0,0,0,NA,1,197,"2016-12-16_Animal-001_Control_Male_Lumbar_Slide-0002_Section001","Blue",787.666687012,825.666687012,36.166687012,78.166687012,0.295238261322449,0.810017481989637
"2016-12-16_Animal-001_Control_Male_Lumbar_Slide-0002_Section001.tif:Blue",0,210,0,210,210,210,787.333312988,825,787.5,824.5,0,787,825,1,1,1.128379167,1.128379167,0,0,0,210,210,NA,NA,100,210,1,787,674,0,0,0,0,NA,1,197,"2016-12-16_Animal-001_Control_Male_Lumbar_Slide-0002_Section001","Blue",787.333312988,825,35.833312988,77.5,0.292516840718367,0.803108808290155
"2016-12-16_Animal-001_Control_Male_Lumbar_Slide-0002_Section001.tif:Blue",0,206,0,206,206,206,785.666687012,823,785.5,822.5,0,785,823,1,1,1.128379167,1.128379167,0,0,0,206,206,NA,NA,100,206,1,785,676,0,0,0,0,NA,1,197,"2016-12-16_Animal-001_Control_Male_Lumbar_Slide-0002_Section001","Blue",785.666687012,823,34.166687012,75.5,0.278911730710204,0.782383419689119
"2016-12-16_Animal-001_Control_Male_Lumbar_Slide-0002_Section001.tif:Blue",0,185,0,185,185,185,782.333312988,821.333312988,782.5,821.5,0,782,822,1,1,1.128379167,1.128379167,0,0,0,185,185,NA,NA,100,185,1,782,677,0,0,0,0,NA,1,197,"2016-12-16_Animal-001_Control_Male_Lumbar_Slide-0002_Section001","Blue",782.333312988,821.333312988,30.833312988,73.833312988,0.251700514187755,0.765112051689119
"2016-12-16_Animal-001_Control_Male_Lumbar_Slide-0002_Section001.tif:Blue",0,116,0,116,116,116,782,821,782.5,820.5,0,782,821,1,1,1.128379167,1.128379167,0,0,0,116,116,NA,NA,100,116,1,782,678,0,0,0,0,NA,1,197,"2016-12-16_Animal-001_Control_Male_Lumbar_Slide-0002_Section001","Blue",782,821,30.5,73.5,0.248979591836735,0.761658031088083
"2016-12-16_Animal-001_Control_Male_Lumbar_Slide-0002_Section001.tif:Blue",0,168,0,168,168,168,781.333312988,821.666687012,781.5,821.5,0,781,822,1,1,1.128379167,1.128379167,0,0,0,168,168,NA,NA,100,168,1,781,677,0,0,0,0,NA,1,197,"2016-12-16_Animal-001_Control_Male_Lumbar_Slide-0002_Section001","Blue",781.333312988,821.666687012,29.833312988,74.166687012,0.243537248881633,0.768566704787565
"2016-12-16_Animal-001_Control_Male_Lumbar_Slide-0002_Section001.tif:Blue",0,227,0,227,227,227,785.666687012,824.666687012,785.5,824.5,0,785,825,1,1,1.128379167,1.128379167,0,0,0,227,227,NA,NA,100,227,1,785,674,0,0,0,0,NA,1,197,"2016-12-16_Animal-001_Control_Male_Lumbar_Slide-0002_Section001","Blue",785.666687012,824.666687012,34.166687012,77.166687012,0.278911730710204,0.799654787689119
"2016-12-16_Animal-001_Control_Male_Lumbar_Slide-0002_Section001.tif:Blue",0,105,0,105,105,105,790,827.666687012,790.5,827.5,0,790,828,1,1,1.128379167,1.128379167,0,0,0,105,105,NA,NA,100,105,1,790,671,0,0,0,0,NA,1,197,"2016-12-16_Animal-001_Control_Male_Lumbar_Slide-0002_Section001","Blue",790,827.666687012,38.5,80.166687012,0.314285714285714,0.830742870590674
"2016-12-16_Animal-001_Control_Male_Lumbar_Slide-0002_Section001.tif:Blue",0,93,0,93,93,93,784.333312988,825,784.5,824.5,0,784,825,1,1,1.128379167,1.128379167,0,0,0,93,93,NA,NA,100,93,1,784,674,0,0,0,0,NA,1,197,"2016-12-16_Animal-001_Control_Male_Lumbar_Slide-0002_Section001","Blue",784.333312988,825,32.833312988,77.5,0.2680270448,0.803108808290155
"2016-12-16_Animal-001_Control_Male_Lumbar_Slide-0002_Section001.tif:Blue",0,200,0,200,200,200,788.333312988,828,788.5,827.5,0,788,828,1,1,1.128379167,1.128379167,0,0,0,200,200,NA,NA,100,200,1,788,671,0,0,0,0,NA,1,197,"2016-12-16_Animal-001_Control_Male_Lumbar_Slide-0002_Section001","Blue",788.333312988,828,36.833312988,80.5,0.30068010602449,0.83419689119171
"2016-12-16_Animal-001_Control_Male_Lumbar_Slide-0002_Section001.tif:Blue",0,230,0,230,230,230,788.333312988,830.333312988,788.5,830.5,0,788,831,1,1,1.128379167,1.128379167,0,0,0,230,230,NA,NA,100,230,1,788,668,0,0,0,0,NA,1,197,"2016-12-16_Animal-001_Control_Male_Lumbar_Slide-0002_Section001","Blue",788.333312988,830.333312988,36.833312988,82.833312988,0.30068010602449,0.858376300393782
"2016-12-16_Animal-001_Control_Male_Lumbar_Slide-0002_Section001.tif:Blue",0,114,0,114,114,114,792.333312988,832.333312988,792.5,832.5,0,792,833,1,1,1.128379167,1.128379167,0,0,0,114,114,NA,NA,100,114,1,792,666,0,0,0,0,NA,1,197,"2016-12-16_Animal-001_Control_Male_Lumbar_Slide-0002_Section001","Blue",792.333312988,832.333312988,40.833312988,84.833312988,0.333333167248979,0.879101688994819
"2016-12-16_Animal-001_Control_Male_Lumbar_Slide-0002_Section001.tif:Blue",0,219,0,219,219,219,793,833.333312988,793.5,833.5,0,793,834,1,1,1.128379167,1.128379167,0,0,0,219,219,NA,NA,100,219,1,793,665,0,0,0,0,NA,1,197,"2016-12-16_Animal-001_Control_Male_Lumbar_Slide-0002_Section001","Blue",793,833.333312988,41.5,85.833312988,0.338775510204082,0.889464383295337
"2016-12-16_Animal-001_Control_Male_Lumbar_Slide-0002_Section001.tif:Blue",0,204,0,204,204,204,794.666687012,833.333312988,794.5,833.5,0,794,834,1,1,1.128379167,1.128379167,0,0,0,204,204,NA,NA,100,204,1,794,665,0,0,0,0,NA,1,197,"2016-12-16_Animal-001_Control_Male_Lumbar_Slide-0002_Section001","Blue",794.666687012,833.333312988,43.166687012,85.833312988,0.352381118465306,0.889464383295337
"2016-12-16_Animal-001_Control_Male_Lumbar_Slide-0002_Section001.tif:Blue",0,148,0,148,148,148,798.666687012,834.333312988,798.5,834.5,0,798,835,1,1,1.128379167,1.128379167,0,0,0,148,148,NA,NA,100,148,1,798,664,0,0,0,0,NA,1,197,"2016-12-16_Animal-001_Control_Male_Lumbar_Slide-0002_Section001","Blue",798.666687012,834.333312988,47.166687012,86.833312988,0.385034179689796,0.899827077595855
"2016-12-16_Animal-001_Control_Male_Lumbar_Slide-0002_Section001.tif:Blue",0,98,0,98,98,98,801,835,801.5,834.5,0,801,835,1,1,1.128379167,1.128379167,0,0,0,98,98,NA,NA,100,98,1,801,664,0,0,0,0,NA,1,197,"2016-12-16_Animal-001_Control_Male_Lumbar_Slide-0002_Section001","Blue",801,835,49.5,87.5,0.404081632653061,0.906735751295337
"2016-12-16_Animal-001_Control_Male_Lumbar_Slide-0002_Section001.tif:Blue",0,181,0,181,181,181,802.333312988,835.333312988,802.5,835.5,0,802,836,1,1,1.128379167,1.128379167,0,0,0,181,181,NA,NA,100,181,1,802,663,0,0,0,0,NA,1,197,"2016-12-16_Animal-001_Control_Male_Lumbar_Slide-0002_Section001","Blue",802.333312988,835.333312988,50.833312988,87.833312988,0.414965820310204,0.910189771896373
"2016-12-16_Animal-001_Control_Male_Lumbar_Slide-0002_Section001.tif:Blue",0,145,0,145,145,145,806.333312988,835.333312988,806.5,835.5,0,806,836,1,1,1.128379167,1.128379167,0,0,0,145,145,NA,NA,100,145,1,806,663,0,0,0,0,NA,1,197,"2016-12-16_Animal-001_Control_Male_Lumbar_Slide-0002_Section001","Blue",806.333312988,835.333312988,54.833312988,87.833312988,0.447618881534694,0.910189771896373
"2016-12-16_Animal-001_Control_Male_Lumbar_Slide-0002_Section001.tif:Blue",0,81,0,81,81,81,808,835,808.5,834.5,0,808,835,1,1,1.128379167,1.128379167,0,0,0,81,81,NA,NA,100,81,1,808,664,0,0,0,0,NA,1,197,"2016-12-16_Animal-001_Control_Male_Lumbar_Slide-0002_Section001","Blue",808,835,56.5,87.5,0.461224489795918,0.906735751295337
"2016-12-16_Animal-001_Control_Male_Lumbar_Slide-0002_Section001.tif:Blue",0,143,0,143,143,143,809,835,809.5,834.5,0,809,835,1,1,1.128379167,1.128379167,0,0,0,143,143,NA,NA,100,143,1,809,664,0,0,0,0,NA,1,197,"2016-12-16_Animal-001_Control_Male_Lumbar_Slide-0002_Section001","Blue",809,835,57.5,87.5,0.469387755102041,0.906735751295337
"2016-12-16_Animal-001_Control_Male_Lumbar_Slide-0002_Section001.tif:Blue",0,78,0,78,78,78,812,834,812.5,833.5,0,812,834,1,1,1.128379167,1.128379167,0,0,0,78,78,NA,NA,100,78,1,812,665,0,0,0,0,NA,1,197,"2016-12-16_Animal-001_Control_Male_Lumbar_Slide-0002_Section001","Blue",812,834,60.5,86.5,0.493877551020408,0.896373056994819
"2016-12-16_Animal-001_Control_Male_Lumbar_Slide-0002_Section001.tif:Blue",0,30,0,30,30,30,813.333312988,833,813.5,832.5,0,813,833,1,1,1.128379167,1.128379167,0,0,0,30,30,NA,NA,100,30,1,813,666,0,0,0,0,NA,1,197,"2016-12-16_Animal-001_Control_Male_Lumbar_Slide-0002_Section001","Blue",813.333312988,833,61.833312988,85.5,0.504761738677551,0.886010362694301
"2016-12-16_Animal-001_Control_Male_Lumbar_Slide-0002_Section001.tif:Blue",0,207,0,207,207,207,815,831,815.5,830.5,0,815,831,1,1,1.128379167,1.128379167,0,0,0,207,207,NA,NA,100,207,1,815,668,0,0,0,0,NA,1,197,"2016-12-16_Animal-001_Control_Male_Lumbar_Slide-0002_Section001","Blue",815,831,63.5,83.5,0.518367346938776,0.865284974093264
"2016-12-16_Animal-001_Control_Male_Lumbar_Slide-0002_Section001.tif:Blue",0,96,0,96,96,96,818.333312988,829,818.5,828.5,0,818,829,1,1,1.128379167,1.128379167,0,0,0,96,96,NA,NA,100,96,1,818,670,0,0,0,0,NA,1,197,"2016-12-16_Animal-001_Control_Male_Lumbar_Slide-0002_Section001","Blue",818.333312988,829,66.833312988,81.5,0.545578065208163,0.844559585492228
"2016-12-16_Animal-001_Control_Male_Lumbar_Slide-0002_Section001.tif:Blue",0,96,0,96,96,96,818.666687012,829,818.5,828.5,0,818,829,1,1,1.128379167,1.128379167,0,0,0,96,96,NA,NA,100,96,1,818,670,0,0,0,0,NA,1,197,"2016-12-16_Animal-001_Control_Male_Lumbar_Slide-0002_Section001","Blue",818.666687012,829,67.166687012,81.5,0.548299485812245,0.844559585492228
"2016-12-16_Animal-001_Control_Male_Lumbar_Slide-0002_Section001.tif:Blue",0,192,0,192,192,192,819,828.333312988,819.5,828.5,0,819,829,1,1,1.128379167,1.128379167,0,0,0,192,192,NA,NA,100,192,1,819,670,0,0,0,0,NA,1,197,"2016-12-16_Animal-001_Control_Male_Lumbar_Slide-0002_Section001","Blue",819,828.333312988,67.5,80.833312988,0.551020408163265,0.837650911792746
"2016-12-16_Animal-001_Control_Male_Lumbar_Slide-0002_Section001.tif:Blue",0,81,0,81,81,81,820,827.333312988,820.5,827.5,0,820,828,1,1,1.128379167,1.128379167,0,0,0,81,81,NA,NA,100,81,1,820,671,0,0,0,0,NA,1,197,"2016-12-16_Animal-001_Control_Male_Lumbar_Slide-0002_Section001","Blue",820,827.333312988,68.5,79.833312988,0.559183673469388,0.827288217492228
"2016-12-16_Animal-001_Control_Male_Lumbar_Slide-0002_Section001.tif:Blue",0,84,0,84,84,84,821,825.666687012,821.5,825.5,0,821,826,1,1,1.128379167,1.128379167,0,0,0,84,84,NA,NA,100,84,1,821,673,0,0,0,0,NA,1,197,"2016-12-16_Animal-001_Control_Male_Lumbar_Slide-0002_Section001","Blue",821,825.666687012,69.5,78.166687012,0.56734693877551,0.810017481989637
"2016-12-16_Animal-001_Control_Male_Lumbar_Slide-0002_Section001.tif:Blue",0,152,0,152,152,152,823,822.666687012,823.5,822.5,0,823,823,1,1,1.128379167,1.128379167,0,0,0,152,152,NA,NA,100,152,1,823,676,0,0,0,0,NA,1,197,"2016-12-16_Animal-001_Control_Male_Lumbar_Slide-0002_Section001","Blue",823,822.666687012,71.5,75.166687012,0.583673469387755,0.778929399088083
"2016-12-16_Animal-001_Control_Male_Lumbar_Slide-0002_Section001.tif:Blue",0,30,0,30,30,30,825,820.666687012,825.5,820.5,0,825,821,1,1,1.128379167,1.128379167,0,0,0,30,30,NA,NA,100,30,1,825,678,0,0,0,0,NA,1,197,"2016-12-16_Animal-001_Control_Male_Lumbar_Slide-0002_Section001","Blue",825,820.666687012,73.5,73.166687012,0.6,0.758204010487047
"2016-12-16_Animal-001_Control_Male_Lumbar_Slide-0002_Section001.tif:Blue",0,118,0,118,118,118,826,819,826.5,818.5,0,826,819,1,1,1.128379167,1.128379167,0,0,0,118,118,NA,NA,100,118,1,826,680,0,0,0,0,NA,1,197,"2016-12-16_Animal-001_Control_Male_Lumbar_Slide-0002_Section001","Blue",826,819,74.5,71.5,0.608163265306122,0.740932642487047
"2016-12-16_Animal-001_Control_Male_Lumbar_Slide-0002_Section001.tif:Blue",0,255,0,255,255,255,828,817.666687012,828.5,817.5,0,828,818,1,1,1.128379167,1.128379167,0,0,0,255,255,NA,NA,100,255,1,828,681,0,0,0,0,NA,1,197,"2016-12-16_Animal-001_Control_Male_Lumbar_Slide-0002_Section001","Blue",828,817.666687012,76.5,70.166687012,0.624489795918367,0.727115927585492
"2016-12-16_Animal-001_Control_Male_Lumbar_Slide-0002_Section001.tif:Blue",0,197,0,197,197,197,828,821.333312988,828.5,821.5,0,828,822,1,1,1.128379167,1.128379167,0,0,0,197,197,NA,NA,100,197,1,828,677,0,0,0,0,NA,1,197,"2016-12-16_Animal-001_Control_Male_Lumbar_Slide-0002_Section001","Blue",828,821.333312988,76.5,73.833312988,0.624489795918367,0.765112051689119
"2016-12-16_Animal-001_Control_Male_Lumbar_Slide-0002_Section001.tif:Blue",0,193,0,193,193,193,824.666687012,824,824.5,823.5,0,824,824,1,1,1.128379167,1.128379167,0,0,0,193,193,NA,NA,100,193,1,824,675,0,0,0,0,NA,1,197,"2016-12-16_Animal-001_Control_Male_Lumbar_Slide-0002_Section001","Blue",824.666687012,824,73.166687012,76.5,0.59727907764898,0.792746113989637
"2016-12-16_Animal-001_Control_Male_Lumbar_Slide-0002_Section001.tif:Blue",0,100,0,100,100,100,824,825.333312988,824.5,825.5,0,824,826,1,1,1.128379167,1.128379167,0,0,0,100,100,NA,NA,100,100,1,824,673,0,0,0,0,NA,1,197,"2016-12-16_Animal-001_Control_Male_Lumbar_Slide-0002_Section001","Blue",824,825.333312988,72.5,77.833312988,0.591836734693878,0.806562828891192
"2016-12-16_Animal-001_Control_Male_Lumbar_Slide-0002_Section001.tif:Blue",0,115,0,115,115,115,820.333312988,830.333312988,820.5,830.5,0,820,831,1,1,1.128379167,1.128379167,0,0,0,115,115,NA,NA,100,115,1,820,668,0,0,0,0,NA,1,197,"2016-12-16_Animal-001_Control_Male_Lumbar_Slide-0002_Section001","Blue",820.333312988,830.333312988,68.833312988,82.833312988,0.561904595820408,0.858376300393782
"2016-12-16_Animal-001_Control_Male_Lumbar_Slide-0002_Section001.tif:Blue",0,222,0,222,222,222,817.666687012,833.333312988,817.5,833.5,0,817,834,1,1,1.128379167,1.128379167,0,0,0,222,222,NA,NA,100,222,1,817,665,0,0,0,0,NA,1,197,"2016-12-16_Animal-001_Control_Male_Lumbar_Slide-0002_Section001","Blue",817.666687012,833.333312988,66.166687012,85.833312988,0.540136220506123,0.889464383295337
"2016-12-16_Animal-001_Control_Male_Lumbar_Slide-0002_Section001.tif:Blue",0,210,0,210,210,210,815.333312988,834,815.5,833.5,0,815,834,1,1,1.128379167,1.128379167,0,0,0,210,210,NA,NA,100,210,1,815,665,0,0,0,0,NA,1,197,"2016-12-16_Animal-001_Control_Male_Lumbar_Slide-0002_Section001","Blue",815.333312988,834,63.833312988,86.5,0.521088269289796,0.896373056994819
"2016-12-16_Animal-001_Control_Male_Lumbar_Slide-0002_Section001.tif:Blue",0,166,0,166,166,166,811.666687012,835,811.5,834.5,0,811,835,1,1,1.128379167,1.128379167,0,0,0,166,166,NA,NA,100,166,1,811,664,0,0,0,0,NA,1,197,"2016-12-16_Animal-001_Control_Male_Lumbar_Slide-0002_Section001","Blue",811.666687012,835,60.166687012,87.5,0.491156628669388,0.906735751295337
"2016-12-16_Animal-001_Control_Male_Lumbar_Slide-0002_Section001.tif:Blue",0,108,0,108,108,108,809.333312988,836,809.5,835.5,0,809,836,1,1,1.128379167,1.128379167,0,0,0,108,108,NA,NA,100,108,1,809,663,0,0,0,0,NA,1,197,"2016-12-16_Animal-001_Control_Male_Lumbar_Slide-0002_Section001","Blue",809.333312988,836,57.833312988,88.5,0.472108677453061,0.917098445595855
"2016-12-16_Animal-001_Control_Male_Lumbar_Slide-0002_Section001.tif:Blue",0,48,0,48,48,48,804.666687012,837.333312988,804.5,837.5,0,804,838,1,1,1.128379167,1.128379167,0,0,0,48,48,NA,NA,100,48,1,804,661,0,0,0,0,NA,1,197,"2016-12-16_Animal-001_Control_Male_Lumbar_Slide-0002_Section001","Blue",804.666687012,837.333312988,53.166687012,89.833312988,0.434013771526531,0.930915160497409
"2016-12-16_Animal-001_Control_Male_Lumbar_Slide-0002_Section001.tif:Blue",0,100,0,100,100,100,800.333312988,837.666687012,800.5,837.5,0,800,838,1,1,1.128379167,1.128379167,0,0,0,100,100,NA,NA,100,100,1,800,661,0,0,0,0,NA,1,197,"2016-12-16_Animal-001_Control_Male_Lumbar_Slide-0002_Section001","Blue",800.333312988,837.666687012,48.833312988,90.166687012,0.398639289697959,0.934369813595855
"2016-12-16_Animal-001_Control_Male_Lumbar_Slide-0002_Section001.tif:Blue",0,69,0,69,69,69,796.666687012,837,796.5,836.5,0,796,837,1,1,1.128379167,1.128379167,0,0,0,69,69,NA,NA,100,69,1,796,662,0,0,0,0,NA,1,197,"2016-12-16_Animal-001_Control_Male_Lumbar_Slide-0002_Section001","Blue",796.666687012,837,45.166687012,89.5,0.368707649077551,0.927461139896373
"2016-12-16_Animal-001_Control_Male_Lumbar_Slide-0002_Section001.tif:Blue",0,199,0,199,199,199,793.333312988,835.666687012,793.5,835.5,0,793,836,1,1,1.128379167,1.128379167,0,0,0,199,199,NA,NA,100,199,1,793,663,0,0,0,0,NA,1,197,"2016-12-16_Animal-001_Control_Male_Lumbar_Slide-0002_Section001","Blue",793.333312988,835.666687012,41.833312988,88.166687012,0.341496432555102,0.913644424994819
"2016-12-16_Animal-001_Control_Male_Lumbar_Slide-0002_Section001.tif:Blue",0,115,0,115,115,115,790.666687012,834.333312988,790.5,834.5,0,790,835,1,1,1.128379167,1.128379167,0,0,0,115,115,NA,NA,100,115,1,790,664,0,0,0,0,NA,1,197,"2016-12-16_Animal-001_Control_Male_Lumbar_Slide-0002_Section001","Blue",790.666687012,834.333312988,39.166687012,86.833312988,0.319728057240816,0.899827077595855
"2016-12-16_Animal-001_Control_Male_Lumbar_Slide-0002_Section001.tif:Blue",0,103,0,103,103,103,789.666687012,833,789.5,832.5,0,789,833,1,1,1.128379167,1.128379167,0,0,0,103,103,NA,NA,100,103,1,789,666,0,0,0,0,NA,1,197,"2016-12-16_Animal-001_Control_Male_Lumbar_Slide-0002_Section001","Blue",789.666687012,833,38.166687012,85.5,0.311564791934694,0.886010362694301
"2016-12-16_Animal-001_Control_Male_Lumbar_Slide-0002_Section001.tif:Blue",0,230,0,230,230,230,788,831,788.5,830.5,0,788,831,1,1,1.128379167,1.128379167,0,0,0,230,230,NA,NA,100,230,1,788,668,0,0,0,0,NA,1,197,"2016-12-16_Animal-001_Control_Male_Lumbar_Slide-0002_Section001","Blue",788,831,36.5,83.5,0.297959183673469,0.865284974093264
"2016-12-16_Animal-001_Control_Male_Lumbar_Slide-0002_Section001.tif:Blue",0,197,0,197,197,197,786.666687012,829,786.5,828.5,0,786,829,1,1,1.128379167,1.128379167,0,0,0,197,197,NA,NA,100,197,1,786,670,0,0,0,0,NA,1,197,"2016-12-16_Animal-001_Control_Male_Lumbar_Slide-0002_Section001","Blue",786.666687012,829,35.166687012,81.5,0.287074996016327,0.844559585492228
"2016-12-16_Animal-001_Control_Male_Lumbar_Slide-0002_Section001.tif:Blue",0,49,0,49,49,49,774.666687012,710,774.5,709.5,0,774,710,1,1,1.128379167,1.128379167,0,0,0,49,49,NA,NA,100,49,1,774,789,0,0,0,0,NA,0,60,"2016-12-16_Animal-001_Control_Male_Lumbar_Slide-0002_Section001","Blue",774.666687012,710,23.166687012,-37.5,0.189115812342857,-0.412087912087912
"2016-12-16_Animal-001_Control_Male_Lumbar_Slide-0002_Section001.tif:Blue",0,49,0,49,49,49,779,705.333312988,779.5,705.5,0,779,706,1,1,1.128379167,1.128379167,0,0,0,49,49,NA,NA,100,49,1,779,793,0,0,0,0,NA,0,60,"2016-12-16_Animal-001_Control_Male_Lumbar_Slide-0002_Section001","Blue",779,705.333312988,27.5,-42.166687012,0.224489795918367,-0.463370186945055
"2016-12-16_Animal-001_Control_Male_Lumbar_Slide-0002_Section001.tif:Blue",0,54,0,54,54,54,786.333312988,700.333312988,786.5,700.5,0,786,701,1,1,1.128379167,1.128379167,0,0,0,54,54,NA,NA,100,54,1,786,798,0,0,0,0,NA,0,60,"2016-12-16_Animal-001_Control_Male_Lumbar_Slide-0002_Section001","Blue",786.333312988,700.333312988,34.833312988,-47.166687012,0.284353575412245,-0.51831524189011
"2016-12-16_Animal-001_Control_Male_Lumbar_Slide-0002_Section001.tif:Blue",0,51,0,51,51,51,793.666687012,699.666687012,793.5,699.5,0,793,700,1,1,1.128379167,1.128379167,0,0,0,51,51,NA,NA,100,51,1,793,799,0,0,0,0,NA,0,60,"2016-12-16_Animal-001_Control_Male_Lumbar_Slide-0002_Section001","Blue",793.666687012,699.666687012,42.166687012,-47.833312988,0.344217853159184,-0.525640802065934
"2016-12-16_Animal-001_Control_Male_Lumbar_Slide-0002_Section001.tif:Blue",0,63,0,63,63,63,802,706,802.5,705.5,0,802,706,1,1,1.128379167,1.128379167,0,0,0,63,63,NA,NA,100,63,1,802,793,0,0,0,0,NA,0,60,"2016-12-16_Animal-001_Control_Male_Lumbar_Slide-0002_Section001","Blue",802,706,50.5,-41.5,0.412244897959184,-0.456043956043956
"2016-12-16_Animal-001_Control_Male_Lumbar_Slide-0002_Section001.tif:Blue",0,130,0,130,130,130,778.666687012,710,778.5,709.5,0,778,710,1,1,1.128379167,1.128379167,0,0,0,130,130,NA,NA,100,130,2,778,789,0,0,0,0,NA,0,60,"2016-12-16_Animal-001_Control_Male_Lumbar_Slide-0002_Section001","Blue",778.666687012,710,27.166687012,-37.5,0.221768873567347,-0.412087912087912
"2016-12-16_Animal-001_Control_Male_Lumbar_Slide-0002_Section001.tif:Blue",0,64,0,64,64,64,783.333312988,707.666687012,783.5,707.5,0,783,708,1,1,1.128379167,1.128379167,0,0,0,64,64,NA,NA,100,64,2,783,791,0,0,0,0,NA,0,60,"2016-12-16_Animal-001_Control_Male_Lumbar_Slide-0002_Section001","Blue",783.333312988,707.666687012,31.833312988,-39.833312988,0.259863779493877,-0.437728714153846
"2016-12-16_Animal-001_Control_Male_Lumbar_Slide-0002_Section001.tif:Blue",0,126,0,126,126,126,784.333312988,705,784.5,704.5,0,784,705,1,1,1.128379167,1.128379167,0,0,0,126,126,NA,NA,100,126,2,784,794,0,0,0,0,NA,0,60,"2016-12-16_Animal-001_Control_Male_Lumbar_Slide-0002_Section001","Blue",784.333312988,705,32.833312988,-42.5,0.2680270448,-0.467032967032967
"2016-12-16_Animal-001_Control_Male_Lumbar_Slide-0002_Section001.tif:Blue",0,96,0,96,96,96,785.333312988,704.666687012,785.5,704.5,0,785,705,1,1,1.128379167,1.128379167,0,0,0,96,96,NA,NA,100,96,2,785,794,0,0,0,0,NA,0,60,"2016-12-16_Animal-001_Control_Male_Lumbar_Slide-0002_Section001","Blue",785.333312988,704.666687012,33.833312988,-42.833312988,0.276190310106122,-0.470695747120879
"2016-12-16_Animal-001_Control_Male_Lumbar_Slide-0002_Section001.tif:Blue",0,65,0,65,65,65,789.333312988,704.333312988,789.5,704.5,0,789,705,1,1,1.128379167,1.128379167,0,0,0,65,65,NA,NA,100,65,2,789,794,0,0,0,0,NA,0,60,"2016-12-16_Animal-001_Control_Male_Lumbar_Slide-0002_Section001","Blue",789.333312988,704.333312988,37.833312988,-43.166687012,0.308843371330612,-0.474359197934066
"2016-12-16_Animal-001_Control_Male_Lumbar_Slide-0002_Section001.tif:Blue",0,39,0,39,39,39,790,704.333312988,790.5,704.5,0,790,705,1,1,1.128379167,1.128379167,0,0,0,39,39,NA,NA,100,39,2,790,794,0,0,0,0,NA,0,60,"2016-12-16_Animal-001_Control_Male_Lumbar_Slide-0002_Section001","Blue",790,704.333312988,38.5,-43.166687012,0.314285714285714,-0.474359197934066
"2016-12-16_Animal-001_Control_Male_Lumbar_Slide-0002_Section001.tif:Blue",0,82,0,82,82,82,792.666687012,704.666687012,792.5,704.5,0,792,705,1,1,1.128379167,1.128379167,0,0,0,82,82,NA,NA,100,82,2,792,794,0,0,0,0,NA,0,60,"2016-12-16_Animal-001_Control_Male_Lumbar_Slide-0002_Section001","Blue",792.666687012,704.666687012,41.166687012,-42.833312988,0.336054587853061,-0.470695747120879
"2016-12-16_Animal-001_Control_Male_Lumbar_Slide-0002_Section001.tif:Blue",0,57,0,57,57,57,794.333312988,705,794.5,704.5,0,794,705,1,1,1.128379167,1.128379167,0,0,0,57,57,NA,NA,100,57,2,794,794,0,0,0,0,NA,0,60,"2016-12-16_Animal-001_Control_Male_Lumbar_Slide-0002_Section001","Blue",794.333312988,705,42.833312988,-42.5,0.349659697861224,-0.467032967032967
"2016-12-16_Animal-001_Control_Male_Lumbar_Slide-0002_Section001.tif:Blue",0,76,0,76,76,76,796.333312988,706,796.5,705.5,0,796,706,1,1,1.128379167,1.128379167,0,0,0,76,76,NA,NA,100,76,2,796,793,0,0,0,0,NA,0,60,"2016-12-16_Animal-001_Control_Male_Lumbar_Slide-0002_Section001","Blue",796.333312988,706,44.833312988,-41.5,0.365986228473469,-0.456043956043956
"2016-12-16_Animal-001_Control_Male_Lumbar_Slide-0002_Section001.tif:Blue",0,75,0,75,75,75,797.333312988,707,797.5,706.5,0,797,707,1,1,1.128379167,1.128379167,0,0,0,75,75,NA,NA,100,75,2,797,792,0,0,0,0,NA,0,60,"2016-12-16_Animal-001_Control_Male_Lumbar_Slide-0002_Section001","Blue",797.333312988,707,45.833312988,-40.5,0.374149493779592,-0.445054945054945
"2016-12-16_Animal-001_Control_Male_Lumbar_Slide-0002_Section001.tif:Blue",0,110,0,110,110,110,799.333312988,709,799.5,708.5,0,799,709,1,1,1.128379167,1.128379167,0,0,0,110,110,NA,NA,100,110,2,799,790,0,0,0,0,NA,0,60,"2016-12-16_Animal-001_Control_Male_Lumbar_Slide-0002_Section001","Blue",799.333312988,709,47.833312988,-38.5,0.390476024391837,-0.423076923076923
"2016-12-16_Animal-001_Control_Male_Lumbar_Slide-0002_Section001.tif:Blue",0,28,0,28,28,28,801.333312988,710.333312988,801.5,710.5,0,801,711,1,1,1.128379167,1.128379167,0,0,0,28,28,NA,NA,100,28,2,801,788,0,0,0,0,NA,0,60,"2016-12-16_Animal-001_Control_Male_Lumbar_Slide-0002_Section001","Blue",801.333312988,710.333312988,49.833312988,-37.166687012,0.406802555004082,-0.408425132
"2016-12-16_Animal-001_Control_Male_Lumbar_Slide-0002_Section001.tif:Blue",0,102,0,102,102,102,802.666687012,711.666687012,802.5,711.5,0,802,712,1,1,1.128379167,1.128379167,0,0,0,102,102,NA,NA,100,102,2,802,787,0,0,0,0,NA,0,60,"2016-12-16_Animal-001_Control_Male_Lumbar_Slide-0002_Section001","Blue",802.666687012,711.666687012,51.166687012,-35.833312988,0.417687240914286,-0.393772670197802
"2016-12-16_Animal-001_Control_Male_Lumbar_Slide-0002_Section001.tif:Blue",0,44,0,44,44,44,780,710.333312988,780.5,710.5,0,780,711,1,1,1.128379167,1.128379167,0,0,0,44,44,NA,NA,100,44,2,780,788,0,0,0,0,NA,0,60,"2016-12-16_Animal-001_Control_Male_Lumbar_Slide-0002_Section001","Blue",780,710.333312988,28.5,-37.166687012,0.23265306122449,-0.408425132
"2016-12-16_Animal-001_Control_Male_Lumbar_Slide-0002_Section001.tif:Blue",0,85,0,85,85,85,785,710.666687012,785.5,710.5,0,785,711,1,1,1.128379167,1.128379167,0,0,0,85,85,NA,NA,100,85,2,785,788,0,0,0,0,NA,0,60,"2016-12-16_Animal-001_Control_Male_Lumbar_Slide-0002_Section001","Blue",785,710.666687012,33.5,-36.833312988,0.273469387755102,-0.404761681186813
"2016-12-16_Animal-001_Control_Male_Lumbar_Slide-0002_Section001.tif:Blue",0,85,0,85,85,85,785.333312988,710.666687012,785.5,710.5,0,785,711,1,1,1.128379167,1.128379167,0,0,0,85,85,NA,NA,100,85,2,785,788,0,0,0,0,NA,0,60,"2016-12-16_Animal-001_Control_Male_Lumbar_Slide-0002_Section001","Blue",785.333312988,710.666687012,33.833312988,-36.833312988,0.276190310106122,-0.404761681186813
"2016-12-16_Animal-001_Control_Male_Lumbar_Slide-0002_Section001.tif:Blue",0,27,0,27,27,27,787.666687012,710.666687012,787.5,710.5,0,787,711,1,1,1.128379167,1.128379167,0,0,0,27,27,NA,NA,100,27,2,787,788,0,0,0,0,NA,0,60,"2016-12-16_Animal-001_Control_Male_Lumbar_Slide-0002_Section001","Blue",787.666687012,710.666687012,36.166687012,-36.833312988,0.295238261322449,-0.404761681186813
"2016-12-16_Animal-001_Control_Male_Lumbar_Slide-0002_Section001.tif:Blue",0,72,0,72,72,72,790.333312988,710.666687012,790.5,710.5,0,790,711,1,1,1.128379167,1.128379167,0,0,0,72,72,NA,NA,100,72,2,790,788,0,0,0,0,NA,0,60,"2016-12-16_Animal-001_Control_Male_Lumbar_Slide-0002_Section001","Blue",790.333312988,710.666687012,38.833312988,-36.833312988,0.317006636636735,-0.404761681186813
"2016-12-16_Animal-001_Control_Male_Lumbar_Slide-0002_Section001.tif:Blue",0,59,0,59,59,59,793,710.666687012,793.5,710.5,0,793,711,1,1,1.128379167,1.128379167,0,0,0,59,59,NA,NA,100,59,2,793,788,0,0,0,0,NA,0,60,"2016-12-16_Animal-001_Control_Male_Lumbar_Slide-0002_Section001","Blue",793,710.666687012,41.5,-36.833312988,0.338775510204082,-0.404761681186813
"2016-12-16_Animal-001_Control_Male_Lumbar_Slide-0002_Section001.tif:Blue",0,58,0,58,58,58,797,710.666687012,797.5,710.5,0,797,711,1,1,1.128379167,1.128379167,0,0,0,58,58,NA,NA,100,58,2,797,788,0,0,0,0,NA,0,60,"2016-12-16_Animal-001_Control_Male_Lumbar_Slide-0002_Section001","Blue",797,710.666687012,45.5,-36.833312988,0.371428571428571,-0.404761681186813
"2016-12-16_Animal-001_Control_Male_Lumbar_Slide-0002_Section001.tif:Blue",0,39,0,39,39,39,799.666687012,710.666687012,799.5,710.5,0,799,711,1,1,1.128379167,1.128379167,0,0,0,39,39,NA,NA,100,39,2,799,788,0,0,0,0,NA,0,60,"2016-12-16_Animal-001_Control_Male_Lumbar_Slide-0002_Section001","Blue",799.666687012,710.666687012,48.166687012,-36.833312988,0.393197444995918,-0.404761681186813
"2016-12-16_Animal-001_Control_Male_Lumbar_Slide-0002_Section001.tif:Blue",0,88,0,88,88,88,727.333312988,713,727.5,712.5,0,727,713,1,1,1.128379167,1.128379167,0,0,0,88,88,NA,NA,100,88,2,727,786,0,0,0,0,NA,0,60,"2016-12-16_Animal-001_Control_Male_Lumbar_Slide-0002_Section001","Blue",727.333312988,713,-24.166687012,-34.5,-0.18447852680916,-0.398843930635838
"2016-12-16_Animal-001_Control_Male_Lumbar_Slide-0002_Section001.tif:Blue",0,63,0,63,63,63,727,709.666687012,727.5,709.5,0,727,710,1,1,1.128379167,1.128379167,0,0,0,63,63,NA,NA,100,63,2,727,789,0,0,0,0,NA,0,60,"2016-12-16_Animal-001_Control_Male_Lumbar_Slide-0002_Section001","Blue",727,709.666687012,-24.5,-37.833312988,-0.187022900763359,-0.437379340901734
"2016-12-16_Animal-001_Control_Male_Lumbar_Slide-0002_Section001.tif:Blue",0,86,0,86,86,86,722,707.666687012,722.5,707.5,0,722,708,1,1,1.128379167,1.128379167,0,0,0,86,86,NA,NA,100,86,2,722,791,0,0,0,0,NA,0,60,"2016-12-16_Animal-001_Control_Male_Lumbar_Slide-0002_Section001","Blue",722,707.666687012,-29.5,-39.833312988,-0.225190839694656,-0.460500728184971
"2016-12-16_Animal-001_Control_Male_Lumbar_Slide-0002_Section001.tif:Blue",0,22,0,22,22,22,721,705.333312988,721.5,705.5,0,721,706,1,1,1.128379167,1.128379167,0,0,0,22,22,NA,NA,100,22,2,721,793,0,0,0,0,NA,0,60,"2016-12-16_Animal-001_Control_Male_Lumbar_Slide-0002_Section001","Blue",721,705.333312988,-30.5,-42.166687012,-0.232824427480916,-0.487476150427746
"2016-12-16_Animal-001_Control_Male_Lumbar_Slide-0002_Section001.tif:Blue",0,76,0,76,76,76,718.666687012,701,718.5,700.5,0,718,701,1,1,1.128379167,1.128379167,0,0,0,76,76,NA,NA,100,76,2,718,798,0,0,0,0,NA,0,60,"2016-12-16_Animal-001_Control_Male_Lumbar_Slide-0002_Section001","Blue",718.666687012,701,-32.833312988,-46.5,-0.250635977007634,-0.53757225433526
"2016-12-16_Animal-001_Control_Male_Lumbar_Slide-0002_Section001.tif:Blue",0,33,0,33,33,33,714.333312988,700.333312988,714.5,700.5,0,714,701,1,1,1.128379167,1.128379167,0,0,0,33,33,NA,NA,100,33,2,714,798,0,0,0,0,NA,0,60,"2016-12-16_Animal-001_Control_Male_Lumbar_Slide-0002_Section001","Blue",714.333312988,700.333312988,-37.166687012,-47.166687012,-0.283715168030534,-0.545279618635838
"2016-12-16_Animal-001_Control_Male_Lumbar_Slide-0002_Section001.tif:Blue",0,33,0,33,33,33,712.666687012,700.333312988,712.5,700.5,0,712,701,1,1,1.128379167,1.128379167,0,0,0,33,33,NA,NA,100,33,2,712,798,0,0,0,0,NA,0,60,"2016-12-16_Animal-001_Control_Male_Lumbar_Slide-0002_Section001","Blue",712.666687012,700.333312988,-38.833312988,-47.166687012,-0.296437503725191,-0.545279618635838
"2016-12-16_Animal-001_Control_Male_Lumbar_Slide-0002_Section001.tif:Blue",0,69,0,69,69,69,710.333312988,702.666687012,710.5,702.5,0,710,703,1,1,1.128379167,1.128379167,0,0,0,69,69,NA,NA,100,69,2,710,796,0,0,0,0,NA,0,60,"2016-12-16_Animal-001_Control_Male_Lumbar_Slide-0002_Section001","Blue",710.333312988,702.666687012,-41.166687012,-44.833312988,-0.314249519175573,-0.518304196393063
"2016-12-16_Animal-001_Control_Male_Lumbar_Slide-0002_Section001.tif:Blue",0,76,0,76,76,76,704.666687012,705.333312988,704.5,705.5,0,704,706,1,1,1.128379167,1.128379167,0,0,0,76,76,NA,NA,100,76,2,704,793,0,0,0,0,NA,0,60,"2016-12-16_Animal-001_Control_Male_Lumbar_Slide-0002_Section001","Blue",704.666687012,705.333312988,-46.833312988,-42.166687012,-0.357506206015267,-0.487476150427746
"2016-12-16_Animal-001_Control_Male_Lumbar_Slide-0002_Section001.tif:Blue",0,51,0,51,51,51,702.333312988,707.333312988,702.5,707.5,0,702,708,1,1,1.128379167,1.128379167,0,0,0,51,51,NA,NA,100,51,2,702,791,0,0,0,0,NA,0,60,"2016-12-16_Animal-001_Control_Male_Lumbar_Slide-0002_Section001","Blue",702.333312988,707.333312988,-49.166687012,-40.166687012,-0.375318221465649,-0.464354763144509
"2016-12-16_Animal-001_Control_Male_Lumbar_Slide-0002_Section001.tif:Blue",0,44,0,44,44,44,701,708.666687012,701.5,708.5,0,701,709,1,1,1.128379167,1.128379167,0,0,0,44,44,NA,NA,100,44,2,701,790,0,0,0,0,NA,0,60,"2016-12-16_Animal-001_Control_Male_Lumbar_Slide-0002_Section001","Blue",701,708.666687012,-50.5,-38.833312988,-0.385496183206107,-0.448940034543352
"2016-12-16_Animal-001_Control_Male_Lumbar_Slide-0002_Section001.tif:Blue",0,43,0,43,43,43,695.666687012,713,695.5,712.5,0,695,713,1,1,1.128379167,1.128379167,0,0,0,43,43,NA,NA,100,43,2,695,786,0,0,0,0,NA,0,60,"2016-12-16_Animal-001_Control_Male_Lumbar_Slide-0002_Section001","Blue",695.666687012,713,-55.833312988,-34.5,-0.426208496091603,-0.398843930635838
"2016-12-16_Animal-001_Control_Male_Lumbar_Slide-0002_Section001.tif:Blue",0,65,0,65,65,65,700.666687012,713.333312988,700.5,713.5,0,700,714,1,1,1.128379167,1.128379167,0,0,0,65,65,NA,NA,100,65,2,700,785,0,0,0,0,NA,0,60,"2016-12-16_Animal-001_Control_Male_Lumbar_Slide-0002_Section001","Blue",700.666687012,713.333312988,-50.833312988,-34.166687012,-0.388040557160305,-0.394990601294798
"2016-12-16_Animal-001_Control_Male_Lumbar_Slide-0002_Section001.tif:Blue",0,55,0,55,55,55,704.333312988,712.333312988,704.5,712.5,0,704,713,1,1,1.128379167,1.128379167,0,0,0,55,55,NA,NA,100,55,2,704,786,0,0,0,0,NA,0,60,"2016-12-16_Animal-001_Control_Male_Lumbar_Slide-0002_Section001","Blue",704.333312988,712.333312988,-47.166687012,-35.166687012,-0.36005104589313,-0.406551294936416
"2016-12-16_Animal-001_Control_Male_Lumbar_Slide-0002_Section001.tif:Blue",0,39,0,39,39,39,704.666687012,711.666687012,704.5,711.5,0,704,712,1,1,1.128379167,1.128379167,0,0,0,39,39,NA,NA,100,39,2,704,787,0,0,0,0,NA,0,60,"2016-12-16_Animal-001_Control_Male_Lumbar_Slide-0002_Section001","Blue",704.666687012,711.666687012,-46.833312988,-35.833312988,-0.357506206015267,-0.414257953618497
"2016-12-16_Animal-001_Control_Male_Lumbar_Slide-0002_Section001.tif:Blue",0,67,0,67,67,67,706,710.666687012,706.5,710.5,0,706,711,1,1,1.128379167,1.128379167,0,0,0,67,67,NA,NA,100,67,2,706,788,0,0,0,0,NA,0,60,"2016-12-16_Animal-001_Control_Male_Lumbar_Slide-0002_Section001","Blue",706,710.666687012,-45.5,-36.833312988,-0.347328244274809,-0.425818647260115
"2016-12-16_Animal-001_Control_Male_Lumbar_Slide-0002_Section001.tif:Blue",0,60,0,60,60,60,707.333312988,709.666687012,707.5,709.5,0,707,710,1,1,1.128379167,1.128379167,0,0,0,60,60,NA,NA,100,60,2,707,789,0,0,0,0,NA,0,60,"2016-12-16_Animal-001_Control_Male_Lumbar_Slide-0002_Section001","Blue",707.333312988,709.666687012,-44.166687012,-37.833312988,-0.337150282534351,-0.437379340901734
"2016-12-16_Animal-001_Control_Male_Lumbar_Slide-0002_Section001.tif:Blue",0,37,0,37,37,37,709.333312988,709.333312988,709.5,709.5,0,709,710,1,1,1.128379167,1.128379167,0,0,0,37,37,NA,NA,100,37,2,709,789,0,0,0,0,NA,0,60,"2016-12-16_Animal-001_Control_Male_Lumbar_Slide-0002_Section001","Blue",709.333312988,709.333312988,-42.166687012,-38.166687012,-0.321883106961832,-0.441233375861272
"2016-12-16_Animal-001_Control_Male_Lumbar_Slide-0002_Section001.tif:Blue",0,57,0,57,57,57,710.666687012,708.666687012,710.5,708.5,0,710,709,1,1,1.128379167,1.128379167,0,0,0,57,57,NA,NA,100,57,2,710,790,0,0,0,0,NA,0,60,"2016-12-16_Animal-001_Control_Male_Lumbar_Slide-0002_Section001","Blue",710.666687012,708.666687012,-40.833312988,-38.833312988,-0.31170467929771,-0.448940034543352
"2016-12-16_Animal-001_Control_Male_Lumbar_Slide-0002_Section001.tif:Blue",0,45,0,45,45,45,711.333312988,708,711.5,707.5,0,711,708,1,1,1.128379167,1.128379167,0,0,0,45,45,NA,NA,100,45,2,711,791,0,0,0,0,NA,0,60,"2016-12-16_Animal-001_Control_Male_Lumbar_Slide-0002_Section001","Blue",711.333312988,708,-40.166687012,-39.5,-0.306615931389313,-0.456647398843931
"2016-12-16_Animal-001_Control_Male_Lumbar_Slide-0002_Section001.tif:Blue",0,13,0,13,13,13,714.666687012,708,714.5,707.5,0,714,708,1,1,1.128379167,1.128379167,0,0,0,13,13,NA,NA,100,13,2,714,791,0,0,0,0,NA,0,60,"2016-12-16_Animal-001_Control_Male_Lumbar_Slide-0002_Section001","Blue",714.666687012,708,-36.833312988,-39.5,-0.281170328152672,-0.456647398843931
"2016-12-16_Animal-001_Control_Male_Lumbar_Slide-0002_Section001.tif:Blue",0,42,0,42,42,42,722.333312988,713.333312988,722.5,713.5,0,722,714,1,1,1.128379167,1.128379167,0,0,0,42,42,NA,NA,100,42,2,722,785,0,0,0,0,NA,0,60,"2016-12-16_Animal-001_Control_Male_Lumbar_Slide-0002_Section001","Blue",722.333312988,713.333312988,-29.166687012,-34.166687012,-0.222646465740458,-0.394990601294798
"2016-12-16_Animal-001_Control_Male_Lumbar_Slide-0002_Section001.tif:Blue",0,61,0,61,61,61,723,713.666687012,723.5,713.5,0,723,714,1,1,1.128379167,1.128379167,0,0,0,61,61,NA,NA,100,61,2,723,785,0,0,0,0,NA,0,60,"2016-12-16_Animal-001_Control_Male_Lumbar_Slide-0002_Section001","Blue",723,713.666687012,-28.5,-33.833312988,-0.217557251908397,-0.39113656633526
"2016-12-16_Animal-001_Control_Male_Lumbar_Slide-0002_Section001.tif:Blue",0,93,0,93,93,93,726.333312988,715.333312988,726.5,715.5,0,726,716,1,1,1.128379167,1.128379167,0,0,0,93,93,NA,NA,100,93,2,726,783,0,0,0,0,NA,0,60,"2016-12-16_Animal-001_Control_Male_Lumbar_Slide-0002_Section001","Blue",726.333312988,715.333312988,-25.166687012,-32.166687012,-0.19211211459542,-0.371869214011561
"2016-12-16_Animal-001_Control_Male_Lumbar_Slide-0002_Section001.tif:Blue",0,79,0,79,79,79,716,705.666687012,716.5,705.5,0,716,706,1,1,1.128379167,1.128379167,0,0,0,79,79,NA,NA,100,79,2,716,793,0,0,0,0,NA,0,60,"2016-12-16_Animal-001_Control_Male_Lumbar_Slide-0002_Section001","Blue",716,705.666687012,-35.5,-41.833312988,-0.270992366412214,-0.483622115468208
"2016-12-16_Animal-001_Control_Male_Lumbar_Slide-0002_Section001.tif:Blue",0,79,0,79,79,79,716.333312988,705.666687012,716.5,705.5,0,716,706,1,1,1.128379167,1.128379167,0,0,0,79,79,NA,NA,100,79,2,716,793,0,0,0,0,NA,0,60,"2016-12-16_Animal-001_Control_Male_Lumbar_Slide-0002_Section001","Blue",716.333312988,705.666687012,-35.166687012,-41.833312988,-0.268447992458015,-0.483622115468208
"2016-12-16_Animal-001_Control_Male_Lumbar_Slide-0002_Section001.tif:Blue",0,47,0,47,47,47,714,705.333312988,714.5,705.5,0,714,706,1,1,1.128379167,1.128379167,0,0,0,47,47,NA,NA,100,47,2,714,793,0,0,0,0,NA,0,60,"2016-12-16_Animal-001_Control_Male_Lumbar_Slide-0002_Section001","Blue",714,705.333312988,-37.5,-42.166687012,-0.286259541984733,-0.487476150427746
"2016-12-16_Animal-001_Control_Male_Lumbar_Slide-0002_Section001.tif:Blue",0,66,0,66,66,66,708,707,708.5,706.5,0,708,707,1,1,1.128379167,1.128379167,0,0,0,66,66,NA,NA,100,66,2,708,792,0,0,0,0,NA,0,60,"2016-12-16_Animal-001_Control_Male_Lumbar_Slide-0002_Section001","Blue",708,707,-43.5,-40.5,-0.33206106870229,-0.468208092485549
"2016-12-16_Animal-001_Control_Male_Lumbar_Slide-0002_Section001.tif:Blue",0,59,0,59,59,59,704.666687012,709,704.5,708.5,0,704,709,1,1,1.128379167,1.128379167,0,0,0,59,59,NA,NA,100,59,2,704,790,0,0,0,0,NA,0,60,"2016-12-16_Animal-001_Control_Male_Lumbar_Slide-0002_Section001","Blue",704.666687012,709,-46.833312988,-38.5,-0.357506206015267,-0.445086705202312
"2016-12-16_Animal-001_Control_Male_Lumbar_Slide-0002_Section001.tif:Blue",0,85,0,85,85,85,706.666687012,710,706.5,709.5,0,706,710,1,1,1.128379167,1.128379167,0,0,0,85,85,NA,NA,100,85,2,706,789,0,0,0,0,NA,0,60,"2016-12-16_Animal-001_Control_Male_Lumbar_Slide-0002_Section001","Blue",706.666687012,710,-44.833312988,-37.5,-0.342239030442748,-0.433526011560694
"2016-12-16_Animal-001_Control_Male_Lumbar_Slide-0002_Section001.tif:Blue",0,46,0,46,46,46,711.333312988,711.666687012,711.5,711.5,0,711,712,1,1,1.128379167,1.128379167,0,0,0,46,46,NA,NA,100,46,2,711,787,0,0,0,0,NA,0,60,"2016-12-16_Animal-001_Control_Male_Lumbar_Slide-0002_Section001","Blue",711.333312988,711.666687012,-40.166687012,-35.833312988,-0.306615931389313,-0.414257953618497
"2016-12-16_Animal-001_Control_Male_Lumbar_Slide-0002_Section001.tif:Blue",0,30,0,30,30,30,714.333312988,711.666687012,714.5,711.5,0,714,712,1,1,1.128379167,1.128379167,0,0,0,30,30,NA,NA,100,30,2,714,787,0,0,0,0,NA,0,60,"2016-12-16_Animal-001_Control_Male_Lumbar_Slide-0002_Section001","Blue",714.333312988,711.666687012,-37.166687012,-35.833312988,-0.283715168030534,-0.414257953618497
"2016-12-16_Animal-001_Control_Male_Lumbar_Slide-0002_Section001.tif:Blue",0,53,0,53,53,53,717.666687012,712,717.5,711.5,0,717,712,1,1,1.128379167,1.128379167,0,0,0,53,53,NA,NA,100,53,2,717,787,0,0,0,0,NA,0,60,"2016-12-16_Animal-001_Control_Male_Lumbar_Slide-0002_Section001","Blue",717.666687012,712,-33.833312988,-35.5,-0.258269564793893,-0.410404624277457
"2016-12-16_Animal-001_Control_Male_Lumbar_Slide-0002_Section001.tif:Blue",0,93,0,93,93,93,721,712.666687012,721.5,712.5,0,721,713,1,1,1.128379167,1.128379167,0,0,0,93,93,NA,NA,100,93,2,721,786,0,0,0,0,NA,0,60,"2016-12-16_Animal-001_Control_Male_Lumbar_Slide-0002_Section001","Blue",721,712.666687012,-30.5,-34.833312988,-0.232824427480916,-0.402697259976878
"2016-12-16_Animal-001_Control_Male_Lumbar_Slide-0002_Section001.tif:Blue",0,127,0,127,127,127,671.666687012,804.333312988,671.5,804.5,0,671,805,1,1,1.128379167,1.128379167,0,0,0,127,127,NA,NA,100,127,1,671,694,0,0,0,0,NA,1,197,"2016-12-16_Animal-001_Control_Male_Lumbar_Slide-0002_Section001","Blue",671.666687012,804.333312988,-79.833312988,56.833312988,-0.609414602961832,0.588946248580311
"2016-12-16_Animal-001_Control_Male_Lumbar_Slide-0002_Section001.tif:Blue",0,159,0,159,159,159,673,808,673.5,807.5,0,673,808,1,1,1.128379167,1.128379167,0,0,0,159,159,NA,NA,100,159,1,673,691,0,0,0,0,NA,1,197,"2016-12-16_Animal-001_Control_Male_Lumbar_Slide-0002_Section001","Blue",673,808,-78.5,60.5,-0.599236641221374,0.626943005181347
"2016-12-16_Animal-001_Control_Male_Lumbar_Slide-0002_Section001.tif:Blue",0,80,0,80,80,80,673.333312988,808.666687012,673.5,808.5,0,673,809,1,1,1.128379167,1.128379167,0,0,0,80,80,NA,NA,100,80,1,673,690,0,0,0,0,NA,1,197,"2016-12-16_Animal-001_Control_Male_Lumbar_Slide-0002_Section001","Blue",673.333312988,808.666687012,-78.166687012,61.166687012,-0.596692267267176,0.633851678880829
"2016-12-16_Animal-001_Control_Male_Lumbar_Slide-0002_Section001.tif:Blue",0,63,0,63,63,63,674.666687012,812.666687012,674.5,812.5,0,674,813,1,1,1.128379167,1.128379167,0,0,0,63,63,NA,NA,100,63,1,674,686,0,0,0,0,NA,1,197,"2016-12-16_Animal-001_Control_Male_Lumbar_Slide-0002_Section001","Blue",674.666687012,812.666687012,-76.833312988,65.166687012,-0.586513839603053,0.675302456082902
"2016-12-16_Animal-001_Control_Male_Lumbar_Slide-0002_Section001.tif:Blue",0,48,0,48,48,48,675.333312988,814,675.5,813.5,0,675,814,1,1,1.128379167,1.128379167,0,0,0,48,48,NA,NA,100,48,1,675,685,0,0,0,0,NA,1,197,"2016-12-16_Animal-001_Control_Male_Lumbar_Slide-0002_Section001","Blue",675.333312988,814,-76.166687012,66.5,-0.581425091694657,0.689119170984456
"2016-12-16_Animal-001_Control_Male_Lumbar_Slide-0002_Section001.tif:Blue",0,79,0,79,79,79,675,815.666687012,675.5,815.5,0,675,816,1,1,1.128379167,1.128379167,0,0,0,79,79,NA,NA,100,79,1,675,683,0,0,0,0,NA,1,197,"2016-12-16_Animal-001_Control_Male_Lumbar_Slide-0002_Section001","Blue",675,815.666687012,-76.5,68.166687012,-0.583969465648855,0.706390538984456
"2016-12-16_Animal-001_Control_Male_Lumbar_Slide-0002_Section001.tif:Blue",0,77,0,77,77,77,675.666687012,817.333312988,675.5,817.5,0,675,818,1,1,1.128379167,1.128379167,0,0,0,77,77,NA,NA,100,77,1,675,681,0,0,0,0,NA,1,197,"2016-12-16_Animal-001_Control_Male_Lumbar_Slide-0002_Section001","Blue",675.666687012,817.333312988,-75.833312988,69.833312988,-0.578880251816794,0.723661274487047
"2016-12-16_Animal-001_Control_Male_Lumbar_Slide-0002_Section001.tif:Blue",0,74,0,74,74,74,678.333312988,818.333312988,678.5,818.5,0,678,819,1,1,1.128379167,1.128379167,0,0,0,74,74,NA,NA,100,74,1,678,680,0,0,0,0,NA,1,197,"2016-12-16_Animal-001_Control_Male_Lumbar_Slide-0002_Section001","Blue",678.333312988,818.333312988,-73.166687012,70.833312988,-0.558524328335878,0.734023968787565
"2016-12-16_Animal-001_Control_Male_Lumbar_Slide-0002_Section001.tif:Blue",0,53,0,53,53,53,681.666687012,819.666687012,681.5,819.5,0,681,820,1,1,1.128379167,1.128379167,0,0,0,53,53,NA,NA,100,53,1,681,679,0,0,0,0,NA,1,197,"2016-12-16_Animal-001_Control_Male_Lumbar_Slide-0002_Section001","Blue",681.666687012,819.666687012,-69.833312988,72.166687012,-0.533078725099237,0.747841316186529
"2016-12-16_Animal-001_Control_Male_Lumbar_Slide-0002_Section001.tif:Blue",0,80,0,80,80,80,683,820,683.5,819.5,0,683,820,1,1,1.128379167,1.128379167,0,0,0,80,80,NA,NA,100,80,1,683,679,0,0,0,0,NA,1,197,"2016-12-16_Animal-001_Control_Male_Lumbar_Slide-0002_Section001","Blue",683,820,-68.5,72.5,-0.522900763358779,0.751295336787565
"2016-12-16_Animal-001_Control_Male_Lumbar_Slide-0002_Section001.tif:Blue",0,83,0,83,83,83,687,821.666687012,687.5,821.5,0,687,822,1,1,1.128379167,1.128379167,0,0,0,83,83,NA,NA,100,83,1,687,677,0,0,0,0,NA,1,197,"2016-12-16_Animal-001_Control_Male_Lumbar_Slide-0002_Section001","Blue",687,821.666687012,-64.5,74.166687012,-0.49236641221374,0.768566704787565
"2016-12-16_Animal-001_Control_Male_Lumbar_Slide-0002_Section001.tif:Blue",0,50,0,50,50,50,684.333312988,821.666687012,684.5,821.5,0,684,822,1,1,1.128379167,1.128379167,0,0,0,50,50,NA,NA,100,50,1,684,677,0,0,0,0,NA,1,197,"2016-12-16_Animal-001_Control_Male_Lumbar_Slide-0002_Section001","Blue",684.333312988,821.666687012,-67.166687012,74.166687012,-0.512722801618321,0.768566704787565
"2016-12-16_Animal-001_Control_Male_Lumbar_Slide-0002_Section001.tif:Blue",0,110,0,110,110,110,683.666687012,822,683.5,821.5,0,683,822,1,1,1.128379167,1.128379167,0,0,0,110,110,NA,NA,100,110,1,683,677,0,0,0,0,NA,1,197,"2016-12-16_Animal-001_Control_Male_Lumbar_Slide-0002_Section001","Blue",683.666687012,822,-67.833312988,74.5,-0.517811549526717,0.772020725388601
"2016-12-16_Animal-001_Control_Male_Lumbar_Slide-0002_Section001.tif:Blue",0,116,0,116,116,116,692.666687012,822.666687012,692.5,822.5,0,692,823,1,1,1.128379167,1.128379167,0,0,0,116,116,NA,NA,100,116,1,692,676,0,0,0,0,NA,1,197,"2016-12-16_Animal-001_Control_Male_Lumbar_Slide-0002_Section001","Blue",692.666687012,822.666687012,-58.833312988,75.166687012,-0.449109259450382,0.778929399088083
"2016-12-16_Animal-001_Control_Male_Lumbar_Slide-0002_Section001.tif:Blue",0,50,0,50,50,50,693.333312988,822.666687012,693.5,822.5,0,693,823,1,1,1.128379167,1.128379167,0,0,0,50,50,NA,NA,100,50,1,693,676,0,0,0,0,NA,1,197,"2016-12-16_Animal-001_Control_Male_Lumbar_Slide-0002_Section001","Blue",693.333312988,822.666687012,-58.166687012,75.166687012,-0.444020511541985,0.778929399088083
"2016-12-16_Animal-001_Control_Male_Lumbar_Slide-0002_Section001.tif:Blue",0,80,0,80,80,80,694.666687012,822.666687012,694.5,822.5,0,694,823,1,1,1.128379167,1.128379167,0,0,0,80,80,NA,NA,100,80,1,694,676,0,0,0,0,NA,1,197,"2016-12-16_Animal-001_Control_Male_Lumbar_Slide-0002_Section001","Blue",694.666687012,822.666687012,-56.833312988,75.166687012,-0.433842083877862,0.778929399088083
"2016-12-16_Animal-001_Control_Male_Lumbar_Slide-0002_Section001.tif:Blue",0,129,0,129,129,129,697,822.666687012,697.5,822.5,0,697,823,1,1,1.128379167,1.128379167,0,0,0,129,129,NA,NA,100,129,1,697,676,0,0,0,0,NA,1,197,"2016-12-16_Animal-001_Control_Male_Lumbar_Slide-0002_Section001","Blue",697,822.666687012,-54.5,75.166687012,-0.416030534351145,0.778929399088083
"2016-12-16_Animal-001_Control_Male_Lumbar_Slide-0002_Section001.tif:Blue",0,132,0,132,132,132,698.333312988,822.333312988,698.5,822.5,0,698,823,1,1,1.128379167,1.128379167,0,0,0,132,132,NA,NA,100,132,1,698,676,0,0,0,0,NA,1,197,"2016-12-16_Animal-001_Control_Male_Lumbar_Slide-0002_Section001","Blue",698.333312988,822.333312988,-53.166687012,74.833312988,-0.405852572610687,0.775474745989637
"2016-12-16_Animal-001_Control_Male_Lumbar_Slide-0002_Section001.tif:Blue",0,182,0,182,182,182,701.666687012,821,701.5,820.5,0,701,821,1,1,1.128379167,1.128379167,0,0,0,182,182,NA,NA,100,182,1,701,678,0,0,0,0,NA,1,197,"2016-12-16_Animal-001_Control_Male_Lumbar_Slide-0002_Section001","Blue",701.666687012,821,-49.833312988,73.5,-0.380406969374046,0.761658031088083
"2016-12-16_Animal-001_Control_Male_Lumbar_Slide-0002_Section001.tif:Blue",0,63,0,63,63,63,703.333312988,820,703.5,819.5,0,703,820,1,1,1.128379167,1.128379167,0,0,0,63,63,NA,NA,100,63,1,703,679,0,0,0,0,NA,1,197,"2016-12-16_Animal-001_Control_Male_Lumbar_Slide-0002_Section001","Blue",703.333312988,820,-48.166687012,72.5,-0.367684633679389,0.751295336787565
"2016-12-16_Animal-001_Control_Male_Lumbar_Slide-0002_Section001.tif:Blue",0,93,0,93,93,93,704,819.666687012,704.5,819.5,0,704,820,1,1,1.128379167,1.128379167,0,0,0,93,93,NA,NA,100,93,1,704,679,0,0,0,0,NA,1,197,"2016-12-16_Animal-001_Control_Male_Lumbar_Slide-0002_Section001","Blue",704,819.666687012,-47.5,72.166687012,-0.362595419847328,0.747841316186529
"2016-12-16_Animal-001_Control_Male_Lumbar_Slide-0002_Section001.tif:Blue",0,142,0,142,142,142,707,818.333312988,707.5,818.5,0,707,819,1,1,1.128379167,1.128379167,0,0,0,142,142,NA,NA,100,142,1,707,680,0,0,0,0,NA,1,197,"2016-12-16_Animal-001_Control_Male_Lumbar_Slide-0002_Section001","Blue",707,818.333312988,-44.5,70.833312988,-0.33969465648855,0.734023968787565
"2016-12-16_Animal-001_Control_Male_Lumbar_Slide-0002_Section001.tif:Blue",0,50,0,50,50,50,709.333312988,817,709.5,816.5,0,709,817,1,1,1.128379167,1.128379167,0,0,0,50,50,NA,NA,100,50,1,709,682,0,0,0,0,NA,1,197,"2016-12-16_Animal-001_Control_Male_Lumbar_Slide-0002_Section001","Blue",709.333312988,817,-42.166687012,69.5,-0.321883106961832,0.72020725388601
"2016-12-16_Animal-001_Control_Male_Lumbar_Slide-0002_Section001.tif:Blue",0,153,0,153,153,153,711.333312988,815.666687012,711.5,815.5,0,711,816,1,1,1.128379167,1.128379167,0,0,0,153,153,NA,NA,100,153,1,711,683,0,0,0,0,NA,1,197,"2016-12-16_Animal-001_Control_Male_Lumbar_Slide-0002_Section001","Blue",711.333312988,815.666687012,-40.166687012,68.166687012,-0.306615931389313,0.706390538984456
"2016-12-16_Animal-001_Control_Male_Lumbar_Slide-0002_Section001.tif:Blue",0,164,0,164,164,164,713.333312988,814,713.5,813.5,0,713,814,1,1,1.128379167,1.128379167,0,0,0,164,164,NA,NA,100,164,1,713,685,0,0,0,0,NA,1,197,"2016-12-16_Animal-001_Control_Male_Lumbar_Slide-0002_Section001","Blue",713.333312988,814,-38.166687012,66.5,-0.291348755816794,0.689119170984456
"2016-12-16_Animal-001_Control_Male_Lumbar_Slide-0002_Section001.tif:Blue",0,146,0,146,146,146,715.666687012,812.666687012,715.5,812.5,0,715,813,1,1,1.128379167,1.128379167,0,0,0,146,146,NA,NA,100,146,1,715,686,0,0,0,0,NA,1,197,"2016-12-16_Animal-001_Control_Male_Lumbar_Slide-0002_Section001","Blue",715.666687012,812.666687012,-35.833312988,65.166687012,-0.273536740366412,0.675302456082902
"2016-12-16_Animal-001_Control_Male_Lumbar_Slide-0002_Section001.tif:Blue",0,45,0,45,45,45,716.666687012,812,716.5,811.5,0,716,812,1,1,1.128379167,1.128379167,0,0,0,45,45,NA,NA,100,45,1,716,687,0,0,0,0,NA,1,197,"2016-12-16_Animal-001_Control_Male_Lumbar_Slide-0002_Section001","Blue",716.666687012,812,-34.833312988,64.5,-0.265903152580153,0.66839378238342
"2016-12-16_Animal-001_Control_Male_Lumbar_Slide-0002_Section001.tif:Blue",0,74,0,74,74,74,718.666687012,811.666687012,718.5,811.5,0,718,812,1,1,1.128379167,1.128379167,0,0,0,74,74,NA,NA,100,74,1,718,687,0,0,0,0,NA,1,197,"2016-12-16_Animal-001_Control_Male_Lumbar_Slide-0002_Section001","Blue",718.666687012,811.666687012,-32.833312988,64.166687012,-0.250635977007634,0.664939761782384
"2016-12-16_Animal-001_Control_Male_Lumbar_Slide-0002_Section001.tif:Blue",0,165,0,165,165,165,718.666687012,813.333312988,718.5,813.5,0,718,814,1,1,1.128379167,1.128379167,0,0,0,165,165,NA,NA,100,165,1,718,685,0,0,0,0,NA,1,197,"2016-12-16_Animal-001_Control_Male_Lumbar_Slide-0002_Section001","Blue",718.666687012,813.333312988,-32.833312988,65.833312988,-0.250635977007634,0.682210497284974
"2016-12-16_Animal-001_Control_Male_Lumbar_Slide-0002_Section001.tif:Blue",0,135,0,135,135,135,715.333312988,814.666687012,715.5,814.5,0,715,815,1,1,1.128379167,1.128379167,0,0,0,135,135,NA,NA,100,135,1,715,684,0,0,0,0,NA,1,197,"2016-12-16_Animal-001_Control_Male_Lumbar_Slide-0002_Section001","Blue",715.333312988,814.666687012,-36.166687012,67.166687012,-0.276081580244275,0.696027844683938
"2016-12-16_Animal-001_Control_Male_Lumbar_Slide-0002_Section001.tif:Blue",0,106,0,106,106,106,714.333312988,816.333312988,714.5,816.5,0,714,817,1,1,1.128379167,1.128379167,0,0,0,106,106,NA,NA,100,106,1,714,682,0,0,0,0,NA,1,197,"2016-12-16_Animal-001_Control_Male_Lumbar_Slide-0002_Section001","Blue",714.333312988,816.333312988,-37.166687012,68.833312988,-0.283715168030534,0.713298580186528
"2016-12-16_Animal-001_Control_Male_Lumbar_Slide-0002_Section001.tif:Blue",0,206,0,206,206,206,711.333312988,818,711.5,817.5,0,711,818,1,1,1.128379167,1.128379167,0,0,0,206,206,NA,NA,100,206,1,711,681,0,0,0,0,NA,1,197,"2016-12-16_Animal-001_Control_Male_Lumbar_Slide-0002_Section001","Blue",711.333312988,818,-40.166687012,70.5,-0.306615931389313,0.730569948186529
"2016-12-16_Animal-001_Control_Male_Lumbar_Slide-0002_Section001.tif:Blue",0,255,0,255,255,255,710.333312988,818.666687012,710.5,818.5,0,710,819,1,1,1.128379167,1.128379167,0,0,0,255,255,NA,NA,100,255,1,710,680,0,0,0,0,NA,1,197,"2016-12-16_Animal-001_Control_Male_Lumbar_Slide-0002_Section001","Blue",710.333312988,818.666687012,-41.166687012,71.166687012,-0.314249519175573,0.73747862188601
"2016-12-16_Animal-001_Control_Male_Lumbar_Slide-0002_Section001.tif:Blue",0,191,0,191,191,191,709,819.666687012,709.5,819.5,0,709,820,1,1,1.128379167,1.128379167,0,0,0,191,191,NA,NA,100,191,1,709,679,0,0,0,0,NA,1,197,"2016-12-16_Animal-001_Control_Male_Lumbar_Slide-0002_Section001","Blue",709,819.666687012,-42.5,72.166687012,-0.324427480916031,0.747841316186529
"2016-12-16_Animal-001_Control_Male_Lumbar_Slide-0002_Section001.tif:Blue",0,228,0,228,228,228,706.666687012,821.666687012,706.5,821.5,0,706,822,1,1,1.128379167,1.128379167,0,0,0,228,228,NA,NA,100,228,1,706,677,0,0,0,0,NA,1,197,"2016-12-16_Animal-001_Control_Male_Lumbar_Slide-0002_Section001","Blue",706.666687012,821.666687012,-44.833312988,74.166687012,-0.342239030442748,0.768566704787565
"2016-12-16_Animal-001_Control_Male_Lumbar_Slide-0002_Section001.tif:Blue",0,252,0,252,252,252,703.333312988,822.666687012,703.5,822.5,0,703,823,1,1,1.128379167,1.128379167,0,0,0,252,252,NA,NA,100,252,1,703,676,0,0,0,0,NA,1,197,"2016-12-16_Animal-001_Control_Male_Lumbar_Slide-0002_Section001","Blue",703.333312988,822.666687012,-48.166687012,75.166687012,-0.367684633679389,0.778929399088083
"2016-12-16_Animal-001_Control_Male_Lumbar_Slide-0002_Section001.tif:Blue",0,168,0,168,168,168,700.666687012,823.333312988,700.5,823.5,0,700,824,1,1,1.128379167,1.128379167,0,0,0,168,168,NA,NA,100,168,1,700,675,0,0,0,0,NA,1,197,"2016-12-16_Animal-001_Control_Male_Lumbar_Slide-0002_Section001","Blue",700.666687012,823.333312988,-50.833312988,75.833312988,-0.388040557160305,0.785837440290155
"2016-12-16_Animal-001_Control_Male_Lumbar_Slide-0002_Section001.tif:Blue",0,186,0,186,186,186,691.333312988,824.333312988,691.5,824.5,0,691,825,1,1,1.128379167,1.128379167,0,0,0,186,186,NA,NA,100,186,1,691,674,0,0,0,0,NA,1,197,"2016-12-16_Animal-001_Control_Male_Lumbar_Slide-0002_Section001","Blue",691.333312988,824.333312988,-60.166687012,76.833312988,-0.459287687114504,0.796200134590674
"2016-12-16_Animal-001_Control_Male_Lumbar_Slide-0002_Section001.tif:Blue",0,45,0,45,45,45,690.333312988,823,690.5,822.5,0,690,823,1,1,1.128379167,1.128379167,0,0,0,45,45,NA,NA,100,45,1,690,676,0,0,0,0,NA,1,197,"2016-12-16_Animal-001_Control_Male_Lumbar_Slide-0002_Section001","Blue",690.333312988,823,-61.166687012,75.5,-0.466921274900763,0.782383419689119
"2016-12-16_Animal-001_Control_Male_Lumbar_Slide-0002_Section001.tif:Blue",0,45,0,45,45,45,690,823,690.5,822.5,0,690,823,1,1,1.128379167,1.128379167,0,0,0,45,45,NA,NA,100,45,1,690,676,0,0,0,0,NA,1,197,"2016-12-16_Animal-001_Control_Male_Lumbar_Slide-0002_Section001","Blue",690,823,-61.5,75.5,-0.469465648854962,0.782383419689119
"2016-12-16_Animal-001_Control_Male_Lumbar_Slide-0002_Section001.tif:Blue",0,85,0,85,85,85,688.666687012,822.666687012,688.5,822.5,0,688,823,1,1,1.128379167,1.128379167,0,0,0,85,85,NA,NA,100,85,1,688,676,0,0,0,0,NA,1,197,"2016-12-16_Animal-001_Control_Male_Lumbar_Slide-0002_Section001","Blue",688.666687012,822.666687012,-62.833312988,75.166687012,-0.47964361059542,0.778929399088083
"2016-12-16_Animal-001_Control_Male_Lumbar_Slide-0002_Section001.tif:Blue",0,56,0,56,56,56,685.666687012,821.666687012,685.5,821.5,0,685,822,1,1,1.128379167,1.128379167,0,0,0,56,56,NA,NA,100,56,1,685,677,0,0,0,0,NA,1,197,"2016-12-16_Animal-001_Control_Male_Lumbar_Slide-0002_Section001","Blue",685.666687012,821.666687012,-65.833312988,74.166687012,-0.502544373954198,0.768566704787565
"2016-12-16_Animal-001_Control_Male_Lumbar_Slide-0002_Section001.tif:Blue",0,177,0,177,177,177,681.666687012,820.333312988,681.5,820.5,0,681,821,1,1,1.128379167,1.128379167,0,0,0,177,177,NA,NA,100,177,1,681,678,0,0,0,0,NA,1,197,"2016-12-16_Animal-001_Control_Male_Lumbar_Slide-0002_Section001","Blue",681.666687012,820.333312988,-69.833312988,72.833312988,-0.533078725099237,0.754749357388601
"2016-12-16_Animal-001_Control_Male_Lumbar_Slide-0002_Section001.tif:Blue",0,53,0,53,53,53,681,819.333312988,681.5,819.5,0,681,820,1,1,1.128379167,1.128379167,0,0,0,53,53,NA,NA,100,53,1,681,679,0,0,0,0,NA,1,197,"2016-12-16_Animal-001_Control_Male_Lumbar_Slide-0002_Section001","Blue",681,819.333312988,-70.5,71.833312988,-0.538167938931298,0.744386663088083
"2016-12-16_Animal-001_Control_Male_Lumbar_Slide-0002_Section001.tif:Blue",0,74,0,74,74,74,678.666687012,818.333312988,678.5,818.5,0,678,819,1,1,1.128379167,1.128379167,0,0,0,74,74,NA,NA,100,74,1,678,680,0,0,0,0,NA,1,197,"2016-12-16_Animal-001_Control_Male_Lumbar_Slide-0002_Section001","Blue",678.666687012,818.333312988,-72.833312988,70.833312988,-0.555979488458015,0.734023968787565
"2016-12-16_Animal-001_Control_Male_Lumbar_Slide-0002_Section001.tif:Blue",0,123,0,123,123,123,671,808.333312988,671.5,808.5,0,671,809,1,1,1.128379167,1.128379167,0,0,0,123,123,NA,NA,100,123,1,671,690,0,0,0,0,NA,1,197,"2016-12-16_Animal-001_Control_Male_Lumbar_Slide-0002_Section001","Blue",671,808.333312988,-80.5,60.833312988,-0.614503816793893,0.630397025782383
"2016-12-16_Animal-001_Control_Male_Lumbar_Slide-0002_Section001.tif:Blue",0,123,0,123,123,123,671,808.333312988,671.5,808.5,0,671,809,1,1,1.128379167,1.128379167,0,0,0,123,123,NA,NA,100,123,1,671,690,0,0,0,0,NA,1,197,"2016-12-16_Animal-001_Control_Male_Lumbar_Slide-0002_Section001","Blue",671,808.333312988,-80.5,60.833312988,-0.614503816793893,0.630397025782383
"2016-12-16_Animal-001_Control_Male_Lumbar_Slide-0002_Section001.tif:Blue",0,79,0,79,79,79,669.666687012,810.333312988,669.5,810.5,0,669,811,1,1,1.128379167,1.128379167,0,0,0,79,79,NA,NA,100,79,1,669,688,0,0,0,0,NA,1,197,"2016-12-16_Animal-001_Control_Male_Lumbar_Slide-0002_Section001","Blue",669.666687012,810.333312988,-81.833312988,62.833312988,-0.624681778534351,0.65112241438342
"2016-12-16_Animal-001_Control_Male_Lumbar_Slide-0002_Section001.tif:Blue",0,114,0,114,114,114,669.333312988,812,669.5,811.5,0,669,812,1,1,1.128379167,1.128379167,0,0,0,114,114,NA,NA,100,114,1,669,687,0,0,0,0,NA,1,197,"2016-12-16_Animal-001_Control_Male_Lumbar_Slide-0002_Section001","Blue",669.333312988,812,-82.166687012,64.5,-0.627226618412214,0.66839378238342
"2016-12-16_Animal-001_Control_Male_Lumbar_Slide-0002_Section001.tif:Blue",0,136,0,136,136,136,668.666687012,813,668.5,812.5,0,668,813,1,1,1.128379167,1.128379167,0,0,0,136,136,NA,NA,100,136,1,668,686,0,0,0,0,NA,1,197,"2016-12-16_Animal-001_Control_Male_Lumbar_Slide-0002_Section001","Blue",668.666687012,813,-82.833312988,65.5,-0.632315366320611,0.678756476683938
"2016-12-16_Animal-001_Control_Male_Lumbar_Slide-0002_Section001.tif:Blue",0,254,0,254,254,254,669.333312988,815,669.5,814.5,0,669,815,1,1,1.128379167,1.128379167,0,0,0,254,254,NA,NA,100,254,1,669,684,0,0,0,0,NA,1,197,"2016-12-16_Animal-001_Control_Male_Lumbar_Slide-0002_Section001","Blue",669.333312988,815,-82.166687012,67.5,-0.627226618412214,0.699481865284974
"2016-12-16_Animal-001_Control_Male_Lumbar_Slide-0002_Section001.tif:Blue",0,100,0,100,100,100,673.666687012,817.666687012,673.5,817.5,0,673,818,1,1,1.128379167,1.128379167,0,0,0,100,100,NA,NA,100,100,1,673,681,0,0,0,0,NA,1,197,"2016-12-16_Animal-001_Control_Male_Lumbar_Slide-0002_Section001","Blue",673.666687012,817.666687012,-77.833312988,70.166687012,-0.594147427389313,0.727115927585492
"2016-12-16_Animal-001_Control_Male_Lumbar_Slide-0002_Section001.tif:Blue",0,138,0,138,138,138,678,819.666687012,678.5,819.5,0,678,820,1,1,1.128379167,1.128379167,0,0,0,138,138,NA,NA,100,138,1,678,679,0,0,0,0,NA,1,197,"2016-12-16_Animal-001_Control_Male_Lumbar_Slide-0002_Section001","Blue",678,819.666687012,-73.5,72.166687012,-0.561068702290076,0.747841316186529
"2016-12-16_Animal-001_Control_Male_Lumbar_Slide-0002_Section001.tif:Blue",0,216,0,216,216,216,680.333312988,821.666687012,680.5,821.5,0,680,822,1,1,1.128379167,1.128379167,0,0,0,216,216,NA,NA,100,216,1,680,677,0,0,0,0,NA,1,197,"2016-12-16_Animal-001_Control_Male_Lumbar_Slide-0002_Section001","Blue",680.333312988,821.666687012,-71.166687012,74.166687012,-0.543257152763359,0.768566704787565
"2016-12-16_Animal-001_Control_Male_Lumbar_Slide-0002_Section001.tif:Blue",0,78,0,78,78,78,685.333312988,823.666687012,685.5,823.5,0,685,824,1,1,1.128379167,1.128379167,0,0,0,78,78,NA,NA,100,78,1,685,675,0,0,0,0,NA,1,197,"2016-12-16_Animal-001_Control_Male_Lumbar_Slide-0002_Section001","Blue",685.333312988,823.666687012,-66.166687012,76.166687012,-0.505089213832061,0.789292093388601
"2016-12-16_Animal-001_Control_Male_Lumbar_Slide-0002_Section001.tif:Blue",0,211,0,211,211,211,690.666687012,824.666687012,690.5,824.5,0,690,825,1,1,1.128379167,1.128379167,0,0,0,211,211,NA,NA,100,211,1,690,674,0,0,0,0,NA,1,197,"2016-12-16_Animal-001_Control_Male_Lumbar_Slide-0002_Section001","Blue",690.666687012,824.666687012,-60.833312988,77.166687012,-0.464376435022901,0.799654787689119
"2016-12-16_Animal-001_Control_Male_Lumbar_Slide-0002_Section001.tif:Blue",0,236,0,236,236,236,694.666687012,824.666687012,694.5,824.5,0,694,825,1,1,1.128379167,1.128379167,0,0,0,236,236,NA,NA,100,236,1,694,674,0,0,0,0,NA,1,197,"2016-12-16_Animal-001_Control_Male_Lumbar_Slide-0002_Section001","Blue",694.666687012,824.666687012,-56.833312988,77.166687012,-0.433842083877862,0.799654787689119
"2016-12-16_Animal-001_Control_Male_Lumbar_Slide-0002_Section001.tif:Blue",0,166,0,166,166,166,701,825.666687012,701.5,825.5,0,701,826,1,1,1.128379167,1.128379167,0,0,0,166,166,NA,NA,100,166,1,701,673,0,0,0,0,NA,1,197,"2016-12-16_Animal-001_Control_Male_Lumbar_Slide-0002_Section001","Blue",701,825.666687012,-50.5,78.166687012,-0.385496183206107,0.810017481989637
"2016-12-16_Animal-001_Control_Male_Lumbar_Slide-0002_Section001.tif:Blue",0,184,0,184,184,184,709.333312988,821.666687012,709.5,821.5,0,709,822,1,1,1.128379167,1.128379167,0,0,0,184,184,NA,NA,100,184,1,709,677,0,0,0,0,NA,1,197,"2016-12-16_Animal-001_Control_Male_Lumbar_Slide-0002_Section001","Blue",709.333312988,821.666687012,-42.166687012,74.166687012,-0.321883106961832,0.768566704787565
"2016-12-16_Animal-001_Control_Male_Lumbar_Slide-0002_Section001.tif:Blue",0,91,0,91,91,91,713,818.666687012,713.5,818.5,0,713,819,1,1,1.128379167,1.128379167,0,0,0,91,91,NA,NA,100,91,1,713,680,0,0,0,0,NA,1,197,"2016-12-16_Animal-001_Control_Male_Lumbar_Slide-0002_Section001","Blue",713,818.666687012,-38.5,71.166687012,-0.293893129770992,0.73747862188601
"2016-12-16_Animal-001_Control_Male_Lumbar_Slide-0002_Section001.tif:Blue",0,215,0,215,215,215,710.333312988,821,710.5,820.5,0,710,821,1,1,1.128379167,1.128379167,0,0,0,215,215,NA,NA,100,215,1,710,678,0,0,0,0,NA,1,197,"2016-12-16_Animal-001_Control_Male_Lumbar_Slide-0002_Section001","Blue",710.333312988,821,-41.166687012,73.5,-0.314249519175573,0.761658031088083
"2016-12-16_Animal-001_Control_Male_Lumbar_Slide-0002_Section001.tif:Blue",0,175,0,175,175,175,706.666687012,824,706.5,823.5,0,706,824,1,1,1.128379167,1.128379167,0,0,0,175,175,NA,NA,100,175,1,706,675,0,0,0,0,NA,1,197,"2016-12-16_Animal-001_Control_Male_Lumbar_Slide-0002_Section001","Blue",706.666687012,824,-44.833312988,76.5,-0.342239030442748,0.792746113989637
"2016-12-16_Animal-001_Control_Male_Lumbar_Slide-0002_Section001.tif:Blue",0,144,0,144,144,144,705.333312988,825.333312988,705.5,825.5,0,705,826,1,1,1.128379167,1.128379167,0,0,0,144,144,NA,NA,100,144,1,705,673,0,0,0,0,NA,1,197,"2016-12-16_Animal-001_Control_Male_Lumbar_Slide-0002_Section001","Blue",705.333312988,825.333312988,-46.166687012,77.833312988,-0.35241745810687,0.806562828891192
"2016-12-16_Animal-001_Control_Male_Lumbar_Slide-0002_Section001.tif:Blue",0,150,0,150,150,150,704.333312988,827.333312988,704.5,827.5,0,704,828,1,1,1.128379167,1.128379167,0,0,0,150,150,NA,NA,100,150,1,704,671,0,0,0,0,NA,1,197,"2016-12-16_Animal-001_Control_Male_Lumbar_Slide-0002_Section001","Blue",704.333312988,827.333312988,-47.166687012,79.833312988,-0.36005104589313,0.827288217492228
"2016-12-16_Animal-001_Control_Male_Lumbar_Slide-0002_Section001.tif:Blue",0,187,0,187,187,187,701.333312988,828,701.5,827.5,0,701,828,1,1,1.128379167,1.128379167,0,0,0,187,187,NA,NA,100,187,1,701,671,0,0,0,0,NA,1,197,"2016-12-16_Animal-001_Control_Male_Lumbar_Slide-0002_Section001","Blue",701.333312988,828,-50.166687012,80.5,-0.382951809251908,0.83419689119171
"2016-12-16_Animal-001_Control_Male_Lumbar_Slide-0002_Section001.tif:Blue",0,111,0,111,111,111,697,828.666687012,697.5,828.5,0,697,829,1,1,1.128379167,1.128379167,0,0,0,111,111,NA,NA,100,111,1,697,670,0,0,0,0,NA,1,197,"2016-12-16_Animal-001_Control_Male_Lumbar_Slide-0002_Section001","Blue",697,828.666687012,-54.5,81.166687012,-0.416030534351145,0.841105564891192
"2016-12-16_Animal-001_Control_Male_Lumbar_Slide-0002_Section001.tif:Blue",0,225,0,225,225,225,692,829,692.5,828.5,0,692,829,1,1,1.128379167,1.128379167,0,0,0,225,225,NA,NA,100,225,1,692,670,0,0,0,0,NA,1,197,"2016-12-16_Animal-001_Control_Male_Lumbar_Slide-0002_Section001","Blue",692,829,-59.5,81.5,-0.454198473282443,0.844559585492228
"2016-12-16_Animal-001_Control_Male_Lumbar_Slide-0002_Section001.tif:Blue",0,46,0,46,46,46,686.333312988,829.333312988,686.5,829.5,0,686,830,1,1,1.128379167,1.128379167,0,0,0,46,46,NA,NA,100,46,1,686,669,0,0,0,0,NA,1,197,"2016-12-16_Animal-001_Control_Male_Lumbar_Slide-0002_Section001","Blue",686.333312988,829.333312988,-65.166687012,81.833312988,-0.497455626045802,0.848013606093264
"2016-12-16_Animal-001_Control_Male_Lumbar_Slide-0002_Section001.tif:Blue",0,176,0,176,176,176,685,828.333312988,685.5,828.5,0,685,829,1,1,1.128379167,1.128379167,0,0,0,176,176,NA,NA,100,176,1,685,670,0,0,0,0,NA,1,197,"2016-12-16_Animal-001_Control_Male_Lumbar_Slide-0002_Section001","Blue",685,828.333312988,-66.5,80.833312988,-0.50763358778626,0.837650911792746
"2016-12-16_Animal-001_Control_Male_Lumbar_Slide-0002_Section001.tif:Blue",0,134,0,134,134,134,682.333312988,828,682.5,827.5,0,682,828,1,1,1.128379167,1.128379167,0,0,0,134,134,NA,NA,100,134,1,682,671,0,0,0,0,NA,1,197,"2016-12-16_Animal-001_Control_Male_Lumbar_Slide-0002_Section001","Blue",682.333312988,828,-69.166687012,80.5,-0.52798997719084,0.83419689119171
"2016-12-16_Animal-001_Control_Male_Lumbar_Slide-0002_Section001.tif:Blue",0,184,0,184,184,184,677.666687012,826,677.5,825.5,0,677,826,1,1,1.128379167,1.128379167,0,0,0,184,184,NA,NA,100,184,1,677,673,0,0,0,0,NA,1,197,"2016-12-16_Animal-001_Control_Male_Lumbar_Slide-0002_Section001","Blue",677.666687012,826,-73.833312988,78.5,-0.563613076244275,0.813471502590674
"2016-12-16_Animal-001_Control_Male_Lumbar_Slide-0002_Section001.tif:Blue",0,184,0,184,184,184,677.333312988,825.333312988,677.5,825.5,0,677,826,1,1,1.128379167,1.128379167,0,0,0,184,184,NA,NA,100,184,1,677,673,0,0,0,0,NA,1,197,"2016-12-16_Animal-001_Control_Male_Lumbar_Slide-0002_Section001","Blue",677.333312988,825.333312988,-74.166687012,77.833312988,-0.566157916122138,0.806562828891192
"2016-12-16_Animal-001_Control_Male_Lumbar_Slide-0002_Section001.tif:Blue",0,179,0,179,179,179,674.666687012,824,674.5,823.5,0,674,824,1,1,1.128379167,1.128379167,0,0,0,179,179,NA,NA,100,179,1,674,675,0,0,0,0,NA,1,197,"2016-12-16_Animal-001_Control_Male_Lumbar_Slide-0002_Section001","Blue",674.666687012,824,-76.833312988,76.5,-0.586513839603053,0.792746113989637
"2016-12-16_Animal-001_Control_Male_Lumbar_Slide-0002_Section001.tif:Blue",0,197,0,197,197,197,673,822,673.5,821.5,0,673,822,1,1,1.128379167,1.128379167,0,0,0,197,197,NA,NA,100,197,1,673,677,0,0,0,0,NA,1,197,"2016-12-16_Animal-001_Control_Male_Lumbar_Slide-0002_Section001","Blue",673,822,-78.5,74.5,-0.599236641221374,0.772020725388601
"2016-12-16_Animal-001_Control_Male_Lumbar_Slide-0002_Section001.tif:Blue",0,230,0,230,230,230,671,820,671.5,819.5,0,671,820,1,1,1.128379167,1.128379167,0,0,0,230,230,NA,NA,100,230,1,671,679,0,0,0,0,NA,1,197,"2016-12-16_Animal-001_Control_Male_Lumbar_Slide-0002_Section001","Blue",671,820,-80.5,72.5,-0.614503816793893,0.751295336787565
"2016-12-16_Animal-001_Control_Male_Lumbar_Slide-0002_Section001.tif:Blue",0,105,0,105,105,105,669.666687012,816.333312988,669.5,816.5,0,669,817,1,1,1.128379167,1.128379167,0,0,0,105,105,NA,NA,100,105,1,669,682,0,0,0,0,NA,1,197,"2016-12-16_Animal-001_Control_Male_Lumbar_Slide-0002_Section001","Blue",669.666687012,816.333312988,-81.833312988,68.833312988,-0.624681778534351,0.713298580186528
"2016-12-16_Animal-001_Control_Male_Lumbar_Slide-0002_Section001.tif:Blue",0,89,0,89,89,89,669.333312988,815.666687012,669.5,815.5,0,669,816,1,1,1.128379167,1.128379167,0,0,0,89,89,NA,NA,100,89,1,669,683,0,0,0,0,NA,1,197,"2016-12-16_Animal-001_Control_Male_Lumbar_Slide-0002_Section001","Blue",669.333312988,815.666687012,-82.166687012,68.166687012,-0.627226618412214,0.706390538984456
"2016-12-16_Animal-001_Control_Male_Lumbar_Slide-0002_Section001.tif:Blue",0,136,0,136,136,136,668.333312988,813,668.5,812.5,0,668,813,1,1,1.128379167,1.128379167,0,0,0,136,136,NA,NA,100,136,1,668,686,0,0,0,0,NA,1,197,"2016-12-16_Animal-001_Control_Male_Lumbar_Slide-0002_Section001","Blue",668.333312988,813,-83.166687012,65.5,-0.634860206198473,0.678756476683938
"2016-12-16_Animal-001_Control_Male_Lumbar_Slide-0002_Section001.tif:Blue",0,242,0,242,242,242,668.333312988,812,668.5,811.5,0,668,812,1,1,1.128379167,1.128379167,0,0,0,242,242,NA,NA,100,242,1,668,687,0,0,0,0,NA,1,197,"2016-12-16_Animal-001_Control_Male_Lumbar_Slide-0002_Section001","Blue",668.333312988,812,-83.166687012,64.5,-0.634860206198473,0.66839378238342
"2016-12-16_Animal-001_Control_Male_Lumbar_Slide-0002_Section001.tif:Blue",0,255,0,255,255,255,671.333312988,806.666687012,671.5,806.5,0,671,807,1,1,1.128379167,1.128379167,0,0,0,255,255,NA,NA,100,255,1,671,692,0,0,0,0,NA,1,197,"2016-12-16_Animal-001_Control_Male_Lumbar_Slide-0002_Section001","Blue",671.333312988,806.666687012,-80.166687012,59.166687012,-0.611959442839695,0.613126290279793
"2016-12-16_Animal-001_Control_Male_Lumbar_Slide-0002_Section001.tif:Blue",0,139,0,139,139,139,673.666687012,811.333312988,673.5,811.5,0,673,812,1,1,1.128379167,1.128379167,0,0,0,139,139,NA,NA,100,139,1,673,687,0,0,0,0,NA,1,197,"2016-12-16_Animal-001_Control_Male_Lumbar_Slide-0002_Section001","Blue",673.666687012,811.333312988,-77.833312988,63.833312988,-0.594147427389313,0.661485108683938
"2016-12-16_Animal-001_Control_Male_Lumbar_Slide-0002_Section001.tif:Blue",0,54,0,54,54,54,672.333312988,815.666687012,672.5,815.5,0,672,816,1,1,1.128379167,1.128379167,0,0,0,54,54,NA,NA,100,54,1,672,683,0,0,0,0,NA,1,197,"2016-12-16_Animal-001_Control_Male_Lumbar_Slide-0002_Section001","Blue",672.333312988,815.666687012,-79.166687012,68.166687012,-0.604325855053435,0.706390538984456
"2016-12-16_Animal-001_Control_Male_Lumbar_Slide-0002_Section001.tif:Blue",0,216,0,216,216,216,677.666687012,820.666687012,677.5,820.5,0,677,821,1,1,1.128379167,1.128379167,0,0,0,216,216,NA,NA,100,216,1,677,678,0,0,0,0,NA,1,197,"2016-12-16_Animal-001_Control_Male_Lumbar_Slide-0002_Section001","Blue",677.666687012,820.666687012,-73.833312988,73.166687012,-0.563613076244275,0.758204010487047
"2016-12-16_Animal-001_Control_Male_Lumbar_Slide-0002_Section001.tif:Blue",0,222,0,222,222,222,681,822,681.5,821.5,0,681,822,1,1,1.128379167,1.128379167,0,0,0,222,222,NA,NA,100,222,1,681,677,0,0,0,0,NA,1,197,"2016-12-16_Animal-001_Control_Male_Lumbar_Slide-0002_Section001","Blue",681,822,-70.5,74.5,-0.538167938931298,0.772020725388601
"2016-12-16_Animal-001_Control_Male_Lumbar_Slide-0002_Section001.tif:Blue",0,142,0,142,142,142,686.666687012,824.333312988,686.5,824.5,0,686,825,1,1,1.128379167,1.128379167,0,0,0,142,142,NA,NA,100,142,1,686,674,0,0,0,0,NA,1,197,"2016-12-16_Animal-001_Control_Male_Lumbar_Slide-0002_Section001","Blue",686.666687012,824.333312988,-64.833312988,76.833312988,-0.494910786167939,0.796200134590674
"2016-12-16_Animal-001_Control_Male_Lumbar_Slide-0002_Section001.tif:Blue",0,207,0,207,207,207,688.333312988,825.333312988,688.5,825.5,0,688,826,1,1,1.128379167,1.128379167,0,0,0,207,207,NA,NA,100,207,1,688,673,0,0,0,0,NA,1,197,"2016-12-16_Animal-001_Control_Male_Lumbar_Slide-0002_Section001","Blue",688.333312988,825.333312988,-63.166687012,77.833312988,-0.482188450473283,0.806562828891192
"2016-12-16_Animal-001_Control_Male_Lumbar_Slide-0002_Section001.tif:Blue",0,181,0,181,181,181,694,825.666687012,694.5,825.5,0,694,826,1,1,1.128379167,1.128379167,0,0,0,181,181,NA,NA,100,181,1,694,673,0,0,0,0,NA,1,197,"2016-12-16_Animal-001_Control_Male_Lumbar_Slide-0002_Section001","Blue",694,825.666687012,-57.5,78.166687012,-0.438931297709924,0.810017481989637
"2016-12-16_Animal-001_Control_Male_Lumbar_Slide-0002_Section001.tif:Blue",0,232,0,232,232,232,698,824.666687012,698.5,824.5,0,698,825,1,1,1.128379167,1.128379167,0,0,0,232,232,NA,NA,100,232,1,698,674,0,0,0,0,NA,1,197,"2016-12-16_Animal-001_Control_Male_Lumbar_Slide-0002_Section001","Blue",698,824.666687012,-53.5,77.166687012,-0.408396946564886,0.799654787689119
"2016-12-16_Animal-001_Control_Male_Lumbar_Slide-0002_Section001.tif:Blue",0,254,0,254,254,254,704,823.333312988,704.5,823.5,0,704,824,1,1,1.128379167,1.128379167,0,0,0,254,254,NA,NA,100,254,1,704,675,0,0,0,0,NA,1,197,"2016-12-16_Animal-001_Control_Male_Lumbar_Slide-0002_Section001","Blue",704,823.333312988,-47.5,75.833312988,-0.362595419847328,0.785837440290155
"2016-12-16_Animal-001_Control_Male_Lumbar_Slide-0002_Section001.tif:Blue",0,130,0,130,130,130,705.666687012,821.666687012,705.5,821.5,0,705,822,1,1,1.128379167,1.128379167,0,0,0,130,130,NA,NA,100,130,1,705,677,0,0,0,0,NA,1,197,"2016-12-16_Animal-001_Control_Male_Lumbar_Slide-0002_Section001","Blue",705.666687012,821.666687012,-45.833312988,74.166687012,-0.349872618229008,0.768566704787565
"2016-12-16_Animal-001_Control_Male_Lumbar_Slide-0002_Section001.tif:Blue",0,255,0,255,255,255,710.333312988,818.333312988,710.5,818.5,0,710,819,1,1,1.128379167,1.128379167,0,0,0,255,255,NA,NA,100,255,1,710,680,0,0,0,0,NA,1,197,"2016-12-16_Animal-001_Control_Male_Lumbar_Slide-0002_Section001","Blue",710.333312988,818.333312988,-41.166687012,70.833312988,-0.314249519175573,0.734023968787565
"2016-12-16_Animal-001_Control_Male_Lumbar_Slide-0002_Section001.tif:Blue",0,255,0,255,255,255,692.666687012,826,692.5,825.5,0,692,826,1,1,1.128379167,1.128379167,0,0,0,255,255,NA,NA,100,255,1,692,673,0,0,0,0,NA,1,197,"2016-12-16_Animal-001_Control_Male_Lumbar_Slide-0002_Section001","Blue",692.666687012,826,-58.833312988,78.5,-0.449109259450382,0.813471502590674
"2016-12-16_Animal-001_Control_Male_Lumbar_Slide-0002_Section001.tif:Blue",0,183,0,183,183,183,687.333312988,827,687.5,826.5,0,687,827,1,1,1.128379167,1.128379167,0,0,0,183,183,NA,NA,100,183,1,687,672,0,0,0,0,NA,1,197,"2016-12-16_Animal-001_Control_Male_Lumbar_Slide-0002_Section001","Blue",687.333312988,827,-64.166687012,79.5,-0.489822038259542,0.823834196891192
"2016-12-16_Animal-001_Control_Male_Lumbar_Slide-0002_Section001.tif:Blue",0,180,0,180,180,180,678.666687012,826,678.5,825.5,0,678,826,1,1,1.128379167,1.128379167,0,0,0,180,180,NA,NA,100,180,1,678,673,0,0,0,0,NA,1,197,"2016-12-16_Animal-001_Control_Male_Lumbar_Slide-0002_Section001","Blue",678.666687012,826,-72.833312988,78.5,-0.555979488458015,0.813471502590674
"2016-12-16_Animal-001_Control_Male_Lumbar_Slide-0002_Section001.tif:Blue",0,112,0,112,112,112,678,825,678.5,824.5,0,678,825,1,1,1.128379167,1.128379167,0,0,0,112,112,NA,NA,100,112,1,678,674,0,0,0,0,NA,1,197,"2016-12-16_Animal-001_Control_Male_Lumbar_Slide-0002_Section001","Blue",678,825,-73.5,77.5,-0.561068702290076,0.803108808290155
"2016-12-16_Animal-001_Control_Male_Lumbar_Slide-0002_Section001.tif:Blue",0,244,0,244,244,244,688.666687012,827.666687012,688.5,827.5,0,688,828,1,1,1.128379167,1.128379167,0,0,0,244,244,NA,NA,100,244,1,688,671,0,0,0,0,NA,1,197,"2016-12-16_Animal-001_Control_Male_Lumbar_Slide-0002_Section001","Blue",688.666687012,827.666687012,-62.833312988,80.166687012,-0.47964361059542,0.830742870590674
"2016-12-16_Animal-001_Control_Male_Lumbar_Slide-0002_Section001.tif:Blue",0,172,0,172,172,172,696.666687012,828.333312988,696.5,828.5,0,696,829,1,1,1.128379167,1.128379167,0,0,0,172,172,NA,NA,100,172,1,696,670,0,0,0,0,NA,1,197,"2016-12-16_Animal-001_Control_Male_Lumbar_Slide-0002_Section001","Blue",696.666687012,828.333312988,-54.833312988,80.833312988,-0.418574908305343,0.837650911792746
