"x","y","z.1","z.2","z.3","z.4","z.5","z.6","z.7","z.8","z.9","z.10","z.11","z.12","z.13","z.14","z.15","z.16","z.17","z.18","z.19","z.20","z.21","z.22","z.23","z.24","z.25","z.26","z.27","z.28","z.29","z.30","z.31","z.32","z.33","z.34","z.35","z.36","z.37","z.38","z.39","z.40","z.41","z.42","z.43","z.44","z.45","z.46","z.47","z.48","z.49","z.50","z.51","z.52","z.53","z.54","z.55","z.56","z.57","z.58","z.59","z.60","z.61","z.62","z.63","z.64","z.65","z.66","z.67","z.68","z.69","z.70","z.71","z.72","z.73","z.74","z.75","z.76","z.77","z.78","z.79","z.80","z.81","z.82","z.83","z.84","z.85","z.86","z.87","z.88","z.89","z.90","z.91","z.92","z.93","z.94","z.95","z.96","z.97","z.98","z.99","z.100"
-1.5,-1.5,0,0,0,0,0,0,0,0,0,0,0,0,0,0,0,0,0,0,0,0,0,0,0,0,0,0,0,0,0,0,0,0,0,0,0,0,0,0,0,0,0,0,0,0,0,0,0,0,0,0,0,0,0,0,0,0,0,0,0,0,0,0,0,0,0,0,0,0,0,0,0,0,0,0,0,0,0,0,0,0,0,0,0,0,0,0,0,0,0,0,0,0,0,0,0,0,0,0,0,0
-1.46969696969697,-1.46969696969697,0,0,0,0,0,0,0,0,0,0,0,0,0,0,0,0,0,0,0,0,0,0,0,0,0,0,0,0,0,0,0,0,0,0,0,0,0,0,0,0,0,0,0,0,0,0,0,0,0,0,0,0,0,0,0,0,0,0,0,0,0,0,0,0,0,0,0,0,0,0,0,0,0,0,0,0,0,0,0,0,0,0,0,0,0,0,0,0,0,0,0,0,0,0,0,0,0,0,0,0
-1.43939393939394,-1.43939393939394,0,0,0,0,0,0,0,0,0,0,0,0,0,0,0,0,0,0,0,0,0,0,0,0,0,0,0,0,0,0,0,0,0,0,0,0,0,0,0,0,0,0,0,0,0,0,0,0,0,0,0,0,0,0,0,0,0,0,0,0,0,0,0,0,0,0,0,0,0,0,0,0,0,0,0,0,0,0,0,0,0,0,0,0,0,0,0,0,0,0,0,0,0,0,0,0,0,0,0,0
-1.40909090909091,-1.40909090909091,0,0,0,0,0,0,0,0,0,0,0,0,0,0,0,0,0,0,0,0,0,0,0,0,0,0,0,0,0,0,0,0,0,0,0,0,0,0,0,0,0,0,0,0,0,0,0,0,0,0,0,0,0,0,0,0,0,0,0,0,0,0,0,0,0,0,0,0,0,0,0,0,0,0,0,0,0,0,0,0,0,0,0,0,0,0,0,0,0,0,0,0,0,0,0,0,0,0,0,0
-1.37878787878788,-1.37878787878788,0,0,0,0,0,0,0,0,0,0,0,0,0,0,0,0,0,0,0,0,0,0,0,0,0,0,0,0,0,0,0,0,0,0,0,0,0,0,0,0,0,0,0,0,0,0,0,0,0,0,0,0,0,0,0,0,0,0,0,0,0,0,0,0,0,0,0,0,0,0,0,0,0,0,0,0,0,0,0,0,0,0,0,0,0,0,0,0,0,0,0,0,0,0,0,0,0,0,0,0
-1.34848484848485,-1.34848484848485,0,0,0,0,0,0,0,0,0,0,0,0,0,0,0,0,0,0,0,0,0,0,0,0,0,0,0,0,0,0,0,0,0,0,0,0,0,0,0,0,0,0,0,0,0,0,0,0,0,0,0,0,0,0,0,0,0,0,0,0,0,0,0,0,0,0,0,0,0,0,0,0,0,0,0,0,0,0,0,0,0,0,0,0,0,0,0,0,0,0,0,0,0,0,0,0,0,0,0,0
-1.31818181818182,-1.31818181818182,0,0,0,0,0,0,0,0,0,0,0,0,0,0,0,0,0,0,0,0,0,0,0,0,0,0,0,0,0,0,0,0,0,0,0,0,0,0,0,0,0,0,0,0,0,0,0,0,0,0,0,0,0,0,0,0,0,0,0,0,0,0,0,0,0,0,0,0,0,0,0,0,0,0,0,0,0,0,0,0,0,0,0,0,0,0,0,0,0,0,0,0,0,0,0,0,0,0,0,0
-1.28787878787879,-1.28787878787879,0,0,0,0,0,0,0,0,0,0,0,0,0,0,0,0,0,0,0,0,0,0,0,0,0,0,0,0,0,0,0,0,0,0,0,0,0,0,0,0,0,0,0,0,0,0,0,0,0,0,0,0,0,0,0,0,0,0,0,0,0,0,0,0,0,0,0,0,0,0,0,0,0,0,0,0,0,0,0,0,0,0,0,0,0,0,0,0,0,0,0,0,0,0,0,0,0,0,0,0
-1.25757575757576,-1.25757575757576,0,0,0,0,0,0,0,0,0,0,0,0,0,0,0,0,0,0,0,0,0,0,0,0,0,0,0,0,0,0,0,0,0,0,0,0,0,0,0,0,0,0,0,0,0,0,0,0,0,0,0,0,0,0,0,0,0,0,0,0,0,0,0,0,0,0,0,0,0,0,0,0,0,0,0,0,0,0,0,0,0,0,0,0,0,0,0,0,0,0,0,0,0,0,0,0,0,0,0,0
-1.22727272727273,-1.22727272727273,0,0,0,0,0,0,0,0,0,0,0,0,0,0,0,0,0,0,0,0,0,0,0,0,0,0,0,0,0,0,0,0,0,0,0,0,0,0,0,0,0,0,0,0,0,0,0,0,0,0,0,0,0,0,0,0,0,0,0,0,0,0,0,0,0,0,0,0,0,0,0,0,0,0,0,0,0,0,0,0,0,0,0,0,0,0,0,0,0,0,0,0,0,0,0,0,0,0,0,0
-1.1969696969697,-1.1969696969697,0,0,0,0,0,0,0,0,0,0,0,0,0,0,0,0,0,0,0,0,0,0,0,0,0,0,0,0,0,0,0,0,0,0,0,0,0,0,0,0,0,0,0,0,0,0,0,0,0,0,0,0,0,0,0,0,0,0,0,0,0,0,0,0,0,0,0,0,0,0,0,0,0,0,0,0,0,0,0,0,0,0,0,0,0,0,0,0,0,0,0,0,0,0,0,0,0,0,0,0
-1.16666666666667,-1.16666666666667,0,0,0,0,0,0,0,0,0,0,0,0,0,0,0,0,0,0,0,0,0,0,0,0,0,0,0,0,0,0,0,0,0,0,0,0,0,0,0,0,0,0,0,0,0,0,0,0,0,0,0,0,0,0,0,0,0,0,0,0,0,0,0,0,0,0,0,0,0,0,0,0,0,0,0,0,0,0,0,0,0,0,0,0,0,0,0,0,0,0,0,0,0,0,0,0,0,0,0,0
-1.13636363636364,-1.13636363636364,0,0,0,0,0,0,0,0,0,0,0,0,0,0,0,0,0,0,0,0,0,0,0,0,0,0,0,0,0,0,0,0,0,0,0,0,0,0,0,0,0,0,0,0,0,0,0,0,0,0,0,0,0,0,0,0,0,0,0,0,0,0,0,0,0,0,0,0,0,0,0,0,0,0,0,0,0,0,0,0,0,0,0,0,0,0,0,0,0,0,0,0,0,0,0,0,0,0,0,0
-1.10606060606061,-1.10606060606061,0,0,0,0,0,0,0,0,0,0,0,0,0,0,0,0,0,0,0,0,0,0,0,0,0,0,0,0,0,0,0,0,0,0,0,0,0,0,0,0,0,0,0,0,0,0,0,0,0,0,0,0,0,0,0,0,0,0,0,0,0,0,0,0,0,0,0,0,0,0,0,0,0,0,0,0,0,0,0,0,0,0,0,0,0,0,0,0,0,0,0,0,0,0,0,0,0,0,0,0
-1.07575757575758,-1.07575757575758,0,0,0,0,0,0,0,0,0,0,0,0,0,0,0,0,0,0,0,0,0,0,0,0,0,0,0,0,0,0,0,0,0,0,0,0,0,0,0,0,0,0,0,0,0,0,0,0,0,0,0,0,0,0,0,0,0,0,0,0,0,0,0,0,0,0,0,0,0,0,0,0,0,0,0,0,0,0,0,0,0,0,0,0,0,0,0,0,0,0,0,0,0,0,0,0,0,0,0,0
-1.04545454545455,-1.04545454545455,0,0,0,0,0,0,0,0,0,0,0,0,0,0,0,0,0,0,0,0,0,0,0,0,0,0,0,0,0,0,0,0,0,2.72230170858527e-321,4.28771906349451e-318,3.14573123369967e-316,1.07588464279283e-315,1.71537438109865e-316,1.274975924345e-318,4.44659081257122e-322,0,0,0,0,0,0,0,0,0,0,0,0,0,0,0,0,0,0,0,0,0,0,0,0,0,0,0,0,0,0,0,0,0,0,0,0,0,0,0,0,0,0,0,0,0,0,0,0,0,0,0,0,0,0,0,0,0,0,0,0
-1.01515151515152,-1.01515151515152,0,0,0,0,0,0,0,0,0,0,0,0,0,0,0,0,0,0,0,0,0,0,0,0,0,0,0,0,0,0,4.94065645841247e-324,7.92817309975096e-317,5.74144672846943e-311,1.93828886682584e-306,3.05045517571669e-303,2.23799867454384e-301,7.65427567462041e-301,1.22038698697676e-301,9.07069094830883e-304,3.14291552439538e-307,5.07662255912685e-312,3.82267483368998e-318,0,0,0,0,0,0,0,0,0,0,0,0,0,0,0,0,0,0,0,0,0,0,0,0,0,0,0,0,0,0,0,0,0,0,0,0,0,0,0,0,0,0,0,0,0,0,0,0,0,0,0,0,0,0,0,0,0,0
-0.984848484848485,-0.984848484848485,0,0,0,0,0,0,0,0,0,0,0,0,0,0,0,0,0,0,0,0,0,0,0,0,0,0,0,0,0,4.76217030319586e-318,1.58692255504645e-309,2.46521639806553e-302,1.78526754992411e-296,6.02699112301582e-292,9.48520699387302e-289,6.95892500299032e-287,2.38005323530482e-286,3.79472656770458e-287,2.8204850002265e-289,9.77275166780735e-293,1.57855634743831e-297,1.18865013268318e-303,4.17253082870247e-311,6.82798722552603e-320,0,0,0,0,0,0,0,0,0,0,0,0,0,0,0,0,0,0,0,0,0,0,0,0,0,0,0,0,0,0,0,0,0,0,0,0,0,0,0,0,0,0,0,0,0,0,0,0,0,0,0,0,0,0,0,0
-0.954545454545455,-0.954545454545455,0,0,0,0,0,0,0,0,0,0,0,0,0,0,0,0,0,0,0,0,0,0,0,0,0,0,0,0,9.05390817965667e-314,6.47189144520073e-304,2.15665969482846e-295,3.35027909726837e-288,2.42621522906817e-282,8.19080660155619e-278,1.28905986536877e-274,9.4573324002174e-273,3.23454719537752e-272,5.15712642266905e-273,3.83311424563173e-275,1.32814599212471e-278,2.14531202314471e-283,1.61542382994796e-289,5.67067798150467e-297,9.27977793378125e-306,7.07940270716465e-316,0,0,0,0,0,0,0,0,0,0,0,0,0,0,0,0,0,0,0,0,0,0,0,0,0,0,0,0,0,0,0,0,0,0,0,0,0,0,0,0,0,0,0,0,0,0,0,0,0,0,0,0,0,0,0
-0.924242424242424,-0.924242424242424,0,0,0,0,0,0,0,0,0,0,0,0,0,0,0,0,0,0,0,0,0,0,0,0,0,0,4.94065645841247e-323,3.55446364545643e-311,5.37801639295497e-300,3.84415728372988e-290,1.2810070838644e-281,1.98999032603045e-274,1.44111752922219e-268,4.86515735565987e-264,7.65673320042983e-261,5.61745215048544e-259,1.92125343157276e-258,3.06322976203624e-259,2.27679785086505e-261,7.88896173578345e-265,1.27428455272755e-269,9.59544709869346e-276,3.3683541021425e-283,5.5122152496783e-292,4.20526767518699e-302,1.49563193246854e-313,0,0,0,0,0,0,0,0,0,0,0,0,0,0,0,0,0,0,0,0,0,0,0,0,0,0,0,0,0,0,0,0,0,0,0,0,0,0,0,0,0,0,0,0,0,0,0,0,0,0,0,0,0,0
-0.893939393939394,-0.893939393939394,0,0,0,0,0,0,0,0,0,0,0,0,0,0,0,0,0,0,0,0,0,0,0,0,0,1.2672783815828e-320,3.71510550057157e-309,9.53989460766869e-298,1.39634684099802e-286,9.97964858501812e-277,3.32556526141098e-268,5.16612606641718e-261,3.74122276816224e-255,1.26302297962126e-250,1.98773348907749e-247,1.45832535641813e-245,4.98769959107566e-245,7.95236040715717e-246,5.91074447552593e-248,2.04804429112022e-251,3.30817515465014e-256,2.49109926141099e-262,8.74478177532604e-270,1.43108440987956e-278,1.09180252010857e-288,3.88321678369655e-300,6.438975355483e-313,0,0,0,0,0,0,0,0,0,0,0,0,0,0,0,0,0,0,0,0,0,0,0,0,0,0,0,0,0,0,0,0,0,0,0,0,0,0,0,0,0,0,0,0,0,0,0,0,0,0,0,0,0
-0.863636363636364,-0.863636363636364,0,0,0,0,0,0,0,0,0,0,0,0,0,0,0,0,0,0,0,0,0,0,0,0,8.75533730995273e-320,5.09167574552221e-307,1.41279866398506e-295,1.2078811406249e-284,1.58509054480702e-273,1.1323324140572e-263,3.77331856599597e-255,5.86169366416089e-248,4.2449430326707e-242,1.43307793647939e-237,2.25536630844115e-234,1.65467957444028e-232,5.65927185273664e-232,9.0231352383426e-233,6.70664400108184e-235,2.32383245722062e-238,3.75368167779708e-243,2.82660428393738e-249,9.92270885577322e-257,1.62389178832228e-265,1.23894271043472e-275,4.40677544493723e-287,7.30765646813832e-300,5.64989169890183e-314,0,0,0,0,0,0,0,0,0,0,0,0,0,0,0,0,0,0,0,0,0,0,0,0,0,0,0,0,0,0,0,0,0,0,0,0,0,0,0,0,0,0,0,0,0,0,0,0,0,0,0,0
-0.833333333333333,-0.833333333333333,0,0,0,0,0,0,0,0,0,0,0,0,0,0,0,0,0,0,0,0,0,0,0,1.23714037718648e-320,1.539669967683e-306,8.94682847716903e-294,2.44180342406788e-282,8.19265924288115e-272,7.87360220577147e-261,5.61537368298777e-251,1.87122303089913e-242,2.90686829988161e-235,2.10510782408037e-229,7.10677618674286e-225,1.11845991494239e-221,8.20574421176542e-220,2.80650414884927e-219,4.47470220896409e-220,3.32593805227573e-222,1.15243634332607e-225,1.86154805718941e-230,1.40180821976144e-236,4.92111659319949e-244,8.05387172903054e-253,6.1449653172722e-263,2.18584289284653e-274,3.62509427560457e-287,2.8031334418453e-301,1.01070856009394e-316,0,0,0,0,0,0,0,0,0,0,0,0,0,0,0,0,0,0,0,0,0,0,0,0,0,0,0,0,0,0,0,0,0,0,0,0,0,0,0,0,0,0,0,0,0,0,0,0,0,0,0
-0.803030303030303,-0.803030303030303,0,0,0,0,0,0,0,0,0,0,0,0,0,0,0,0,0,0,0,0,0,0,3.45845952088873e-323,9.52743967625045e-308,1.18407898801706e-293,6.87414226715788e-281,1.86637876450124e-269,3.46643312921168e-259,1.7165248721702e-248,1.21712303107317e-238,4.05575556109121e-230,6.30045277680522e-223,4.56269118111635e-217,1.54035151135419e-212,2.42419921545633e-209,1.77855313910737e-207,6.082974415169e-207,9.69876669151554e-208,7.20890881429726e-210,2.49790933303918e-213,4.03496968355368e-218,3.03853154212081e-224,1.06672387243543e-231,1.74587120867599e-240,1.33215462932337e-250,4.73908241180037e-262,7.86054551507006e-275,6.079406304716e-289,2.19262753447349e-304,3.6857297179757e-321,0,0,0,0,0,0,0,0,0,0,0,0,0,0,0,0,0,0,0,0,0,0,0,0,0,0,0,0,0,0,0,0,0,0,0,0,0,0,0,0,0,0,0,0,0,0,0,0,0,0
-0.772727272727273,-0.772727272727273,0,0,0,0,0,0,0,0,0,0,0,0,0,0,0,0,0,0,0,0,0,0,1.21031755171572e-310,3.20991948811364e-295,3.98285714209289e-281,2.3096082645191e-268,6.25770148511728e-257,8.95734672488052e-247,1.65952719396387e-236,1.15307954625004e-226,3.84204317142477e-218,5.96846151444843e-211,4.32227255444543e-205,1.45918899901976e-200,2.29647082370462e-197,1.68484828830292e-195,5.762512383211e-195,9.18787724753421e-196,6.82923795890506e-198,2.36638409653348e-201,3.82258650224985e-206,2.87867790683044e-212,1.01064614518822e-219,1.65418875622219e-228,1.26230640147453e-238,4.49115845599753e-250,7.45066269319557e-263,5.7638987946846e-277,2.07961680442112e-292,3.50012182024074e-309,0,0,0,0,0,0,0,0,0,0,0,0,0,0,0,0,0,0,0,0,0,0,0,0,0,0,0,0,0,0,0,0,0,0,0,0,0,0,0,0,0,0,0,0,0,0,0,0,0,0
-0.742424242424242,-0.742424242424242,0,0,0,0,0,0,0,0,0,0,0,0,0,0,0,0,0,0,0,0,0,3.17423932541167e-315,1.7895950668063e-298,4.73277924594886e-283,5.86065309110369e-269,3.39373806121279e-256,9.1826889084863e-245,1.20325313180697e-234,7.36154085585471e-225,4.77547120887381e-215,1.59073289546181e-206,2.47114002332004e-199,1.78956588969638e-193,6.0415440169294e-189,9.50820562317575e-186,6.97589964420722e-184,2.38590906821792e-183,3.80417910975795e-184,2.82763571179458e-186,9.79815555609054e-190,1.58280650538769e-194,1.19201057239028e-200,4.18514096576921e-208,6.85063273539712e-217,5.22830085795606e-227,1.86048752088196e-238,3.0872251317315e-251,2.38913978290381e-265,8.62437843925061e-281,1.45259299260405e-297,1.14197775085566e-315,0,0,0,0,0,0,0,0,0,0,0,0,0,0,0,0,0,0,0,0,0,0,0,0,0,0,0,0,0,0,0,0,0,0,0,0,0,0,0,0,0,0,0,0,0,0,0,0,0
-0.712121212121212,-0.712121212121212,0,0,0,0,0,0,0,0,0,0,0,0,0,0,0,0,0,0,0,0,1.73417041690278e-321,2.06594167224598e-303,1.15911255864644e-286,3.05473228954592e-271,3.77335955884864e-257,2.18124156067999e-244,5.89414866456506e-233,7.51711223733515e-223,1.64662448520233e-213,8.65025462494167e-204,2.8785765268818e-195,4.47174213492801e-188,3.23838050665015e-182,1.09327464418142e-177,1.72060650567486e-174,1.26236698988932e-172,4.31760376430057e-172,6.88422265518413e-173,5.11710976470479e-175,1.77319382995614e-178,2.86454117274371e-183,2.15739463400731e-189,7.57515958144772e-197,1.24010657050209e-205,9.46577933403418e-216,3.3691487999044e-227,5.59245996642483e-240,4.32992184664359e-254,1.56408565223754e-269,2.63694140375084e-286,2.07597969994984e-304,4.94065645841247e-324,0,0,0,0,0,0,0,0,0,0,0,0,0,0,0,0,0,0,0,0,0,0,0,0,0,0,0,0,0,0,0,0,0,0,0,0,0,0,0,0,0,0,0,0,0,0,0,0
-0.681818181818182,-0.681818181818182,0,0,0,0,0,0,0,0,0,0,0,0,0,0,0,0,0,0,0,0,4.99212282465659e-310,5.89889874825257e-292,3.29022907557272e-275,8.63422198389633e-260,1.06330011842086e-245,6.13332673978964e-233,1.65479466897681e-221,2.09240895291947e-211,2.18382360233495e-202,6.86571946793601e-193,2.27670600369624e-184,3.53672065192033e-177,2.56125563772304e-171,8.64680913214273e-167,1.36085043644277e-163,9.98430201974325e-162,3.41491236172302e-161,5.44500763401053e-162,4.04741908309419e-164,1.40256801145257e-167,2.26591420066884e-172,1.7066635858621e-178,5.99312661704829e-186,9.81258432641821e-195,7.49154725574811e-205,2.66726750174984e-216,4.42933866770949e-229,3.43154535950712e-243,1.24069372704776e-258,2.09445716761512e-275,1.65198629256663e-293,6.0937860524078e-313,0,0,0,0,0,0,0,0,0,0,0,0,0,0,0,0,0,0,0,0,0,0,0,0,0,0,0,0,0,0,0,0,0,0,0,0,0,0,0,0,0,0,0,0,0,0,0,0
-0.651515151515151,-0.651515151515151,0,0,0,0,0,0,0,0,0,0,0,0,0,0,0,0,0,0,0,2.56470958953129e-318,6.31721563808985e-299,7.39475512384973e-281,4.09552862929404e-264,1.06919505721264e-248,1.31180274819295e-234,7.54667364624514e-222,2.0322962927635e-210,2.56090484201895e-200,1.83526602824199e-191,2.40295986412871e-182,7.8703805506542e-174,1.22255844089738e-166,8.85366636984745e-161,2.98901557914112e-156,4.70419935212124e-153,3.45141670963907e-151,1.18049886907221e-150,1.88232091002962e-151,1.39922197322736e-153,4.84899331914441e-157,7.83427731033931e-162,5.90124550958458e-168,2.07256194219697e-175,3.39407810464336e-184,2.59198188837997e-194,9.23216031391677e-206,1.53401711834459e-218,1.1894549620573e-232,4.30576817878307e-248,7.28139101441833e-265,5.75744334139131e-283,2.13129167513321e-302,3.45845952088873e-323,0,0,0,0,0,0,0,0,0,0,0,0,0,0,0,0,0,0,0,0,0,0,0,0,0,0,0,0,0,0,0,0,0,0,0,0,0,0,0,0,0,0,0,0,0,0,0
-0.621212121212121,-0.621212121212121,0,0,0,0,0,0,0,0,0,0,0,0,0,0,0,0,0,0,0,1.44837791199395e-307,3.51830967529034e-288,4.07329536383466e-270,2.23703789423113e-253,5.80365382562605e-238,7.08818320904878e-224,4.06447731329786e-211,1.09202085939129e-199,1.37299765711296e-189,8.56311906639581e-181,3.78924303912824e-172,1.18927579971369e-163,1.84707187797927e-156,1.33763913391132e-150,4.51592574702286e-146,7.1073612447379e-143,5.21465940294615e-141,1.78362125685863e-140,2.84408820847786e-141,2.11423797654469e-143,7.32731222505333e-147,1.18393945028067e-151,8.91925190040661e-158,3.1330742593102e-165,5.13213924411625e-174,3.92078035976395e-184,1.39727097692112e-195,2.32353328633207e-208,1.80367376055587e-222,6.53981697312493e-238,1.10850249332204e-254,8.7939293229846e-273,3.27048273225388e-292,5.71454100075586e-313,0,0,0,0,0,0,0,0,0,0,0,0,0,0,0,0,0,0,0,0,0,0,0,0,0,0,0,0,0,0,0,0,0,0,0,0,0,0,0,0,0,0,0,0,0,0,0
-0.590909090909091,-0.590909090909091,0,0,0,0,0,0,0,0,0,0,0,0,0,0,0,0,0,0,7.24757741591316e-318,3.60996156238066e-297,8.63306644339758e-278,9.86839876364082e-260,5.36607457744193e-243,1.38173451076949e-227,1.67825318607016e-213,9.58500585748375e-201,2.56791950812029e-189,3.22161121340248e-179,1.92275147415237e-170,2.87399559911317e-162,7.85784215201527e-154,1.21967513821041e-146,8.83285143981003e-141,2.98203350957251e-136,4.69331365993822e-133,3.44353934856639e-131,1.17785872104938e-130,1.87823626170452e-131,1.39632033348474e-133,4.83961360319026e-137,7.82070413917055e-142,5.89274560758253e-148,2.07045312362901e-155,3.39270100628715e-164,2.59322290351862e-174,9.24837795167196e-186,1.53954039833187e-198,1.19689690088694e-212,4.34914054900145e-228,7.3945254548361e-245,5.89171559651402e-263,2.20445825373482e-282,3.88407605218781e-303,0,0,0,0,0,0,0,0,0,0,0,0,0,0,0,0,0,0,0,0,0,0,0,0,0,0,0,0,0,0,0,0,0,0,0,0,0,0,0,0,0,0,0,0,0,0,0
-0.560606060606061,-0.560606060606061,0,0,0,0,0,0,0,0,0,0,0,0,0,0,0,0,0,0,8.13653985513289e-308,3.97477532786679e-287,9.3428261320886e-268,1.0526095717147e-249,5.65774710926079e-233,1.44390085895137e-217,1.74211425678903e-203,9.90143668443203e-191,2.64343663695303e-179,3.30797313297685e-169,1.94666885550049e-160,1.21025042540782e-152,2.27267708005941e-144,3.52008484073603e-137,2.54923451279902e-131,8.60649743606736e-127,1.35456814220243e-123,9.93886927039061e-122,3.39969968453426e-121,5.42150560460171e-122,4.03076143962267e-124,1.39720310740974e-127,2.25820036408085e-132,1.70189334337833e-138,5.98166084527543e-146,9.80633503499986e-155,7.50060727828177e-165,2.67761226048158e-176,4.46359314596946e-189,3.47716669705132e-203,1.26712295226631e-218,2.16315670073746e-235,1.73334651336229e-253,6.53651740311599e-273,1.16393967055561e-293,9.82698787932989e-316,0,0,0,0,0,0,0,0,0,0,0,0,0,0,0,0,0,0,0,0,0,0,0,0,0,0,0,0,0,0,0,0,0,0,0,0,0,0,0,0,0,0,0,0,0,0
-0.53030303030303,-0.53030303030303,0,0,0,0,0,0,0,0,0,0,0,0,0,0,0,0,0,4.0725831186694e-320,4.04175681070317e-298,1.93489059674314e-277,4.46389304714691e-258,4.94841912895501e-240,2.62455205032297e-223,6.62819234071881e-208,7.93367770241368e-194,4.48267256085108e-181,1.19165914785734e-169,1.48666483376901e-159,8.69927262585929e-151,3.23218872203766e-143,2.88851079459117e-135,4.44035767810398e-128,3.21563385326301e-122,1.08565047075284e-117,1.70873350908993e-114,1.25378997393227e-112,4.28893169231484e-112,6.84003849456449e-113,5.08591677161531e-115,1.76321261175834e-118,2.85035362942433e-123,2.14882173413213e-129,7.55579626980952e-137,1.23948133026272e-145,9.48911416492367e-156,3.39192456478306e-167,5.66498409791029e-180,4.42489064332783e-194,1.61861169449085e-209,2.7779322850524e-226,2.24240952461215e-244,8.541144492222e-264,1.54115814791373e-284,1.32342224374372e-306,0,0,0,0,0,0,0,0,0,0,0,0,0,0,0,0,0,0,0,0,0,0,0,0,0,0,0,0,0,0,0,0,0,0,0,0,0,0,0,0,0,0,0,0,0,0
-0.5,-0.5,0,0,0,0,0,0,0,0,0,0,0,0,0,0,0,0,0,9.13291228509724e-311,8.88442678146855e-289,4.16661071795259e-268,9.42462517740269e-249,1.02636090283486e-230,5.36217100747191e-214,1.33781136371561e-198,1.58627080747391e-184,8.89944628890135e-172,2.35354127948017e-160,2.92519982296365e-150,1.70545184243424e-141,5.1238063437824e-134,1.63507912205115e-126,2.44829022112321e-119,1.77285324999335e-113,5.98556606151717e-109,9.42112705164764e-106,6.91309637389253e-104,2.36496592039211e-103,3.77202664870433e-104,2.80507193288941e-106,9.72666932662715e-110,1.57282616970574e-114,1.18620410779079e-120,4.17344676125509e-128,6.85209020958701e-137,5.25216910271086e-147,1.88069805025375e-158,3.14888089015639e-171,2.4683030612241e-185,9.07404525714662e-201,1.56812583710631e-217,1.27781111874431e-235,4.92852921185313e-255,9.03815019046917e-276,7.91849118304118e-298,3.33000245297e-321,0,0,0,0,0,0,0,0,0,0,0,0,0,0,0,0,0,0,0,0,0,0,0,0,0,0,0,0,0,0,0,0,0,0,0,0,0,0,0,0,0,0,0,0,0
-0.46969696969697,-0.46969696969697,0,0,0,0,0,0,0,0,0,0,0,0,0,0,0,0,0,9.0531500742688e-302,8.64034142977254e-280,3.97029732073443e-259,8.79922282670397e-240,9.40146513830041e-222,4.83014619795506e-205,1.18841697560127e-189,1.39365362958007e-175,7.75305700928195e-163,2.03753881772733e-151,2.52089941685429e-141,1.46452664666683e-132,4.0997106969928e-125,4.30456644058412e-118,5.90162843075507e-111,4.27199309945337e-105,1.442363422167e-100,2.27033664050035e-97,1.66604211387923e-95,5.70001300030719e-95,9.09243346181887e-96,6.76282470207509e-98,2.34564442703836e-101,3.79440238007656e-106,2.86325354036995e-112,1.00817994137519e-119,1.65714130083327e-128,1.27228082200879e-138,4.56640823970609e-150,7.67093766855857e-163,6.04107202301079e-177,2.23528316579649e-192,3.89733660322893e-209,3.21376928282647e-227,1.25883977036508e-246,2.35349584784679e-267,2.10989287330832e-289,9.10388697645712e-313,0,0,0,0,0,0,0,0,0,0,0,0,0,0,0,0,0,0,0,0,0,0,0,0,0,0,0,0,0,0,0,0,0,0,0,0,0,0,0,0,0,0,0,0,0
-0.439393939393939,-0.439393939393939,0,0,0,0,0,0,0,0,0,0,0,0,0,0,0,0,2.02251814547963e-316,3.96328564017199e-293,3.71590469427179e-271,1.67408416281997e-250,3.63467459591627e-231,3.80646976607032e-213,1.92027495961515e-196,4.65127426137763e-181,5.38538872081823e-167,2.96625207579225e-154,7.73699967342395e-143,9.51952074310551e-133,5.50786304562171e-124,1.50682596065696e-116,5.89879869560868e-110,6.22356769181546e-103,4.49928498956039e-97,1.51915472117602e-92,2.39134193288528e-89,1.75498067424401e-87,6.0049969639311e-87,9.58054640382145e-88,7.12761388229754e-90,2.47304083108405e-93,4.00252062403224e-98,3.02251804093115e-104,1.06538425438171e-111,1.75382793340066e-120,1.34943902601809e-130,4.85831914767494e-142,8.19694686023195e-155,6.49469175364593e-169,2.42329317615952e-184,4.27290685440622e-201,3.57564807035249e-219,1.42678265818905e-238,2.72763493286057e-259,2.50821020350157e-281,1.11206719629264e-304,0,0,0,0,0,0,0,0,0,0,0,0,0,0,0,0,0,0,0,0,0,0,0,0,0,0,0,0,0,0,0,0,0,0,0,0,0,0,0,0,0,0,0,0,0
-0.409090909090909,-0.409090909090909,0,0,0,0,0,0,0,0,0,0,0,0,0,0,0,0,3.958952761755e-308,7.65507232985189e-285,7.06181065588403e-263,3.12259649917063e-242,6.64378242713062e-223,6.81652930156608e-205,3.37257229797421e-188,8.02903956356136e-173,9.16232023317533e-159,4.98829666763967e-146,1.28953644202288e-134,1.57606825892829e-124,9.07432672426394e-116,2.45971298548596e-108,4.95228832623215e-102,2.8780827690417e-95,2.07118621851685e-89,6.99345794026181e-85,1.10094102167209e-81,8.08056496665943e-80,2.76535074767083e-79,4.41292094079588e-80,3.2841452450959e-82,1.140026847821e-85,1.84634997246609e-90,1.3956503438301e-96,4.92637958265886e-104,8.12619692417736e-113,6.27054195156326e-123,2.26676748494126e-134,3.84634399200171e-147,3.071619447407e-161,1.15831844225968e-176,2.07117148123591e-193,1.76425173379415e-211,7.19347958624189e-231,1.40983876187022e-251,1.33184078777337e-273,6.06862288808361e-297,1.33397724377137e-321,0,0,0,0,0,0,0,0,0,0,0,0,0,0,0,0,0,0,0,0,0,0,0,0,0,0,0,0,0,0,0,0,0,0,0,0,0,0,0,0,0,0,0,0
-0.378787878787879,-0.378787878787879,0,0,0,0,0,0,0,0,0,0,0,0,0,0,0,0,3.40954936697965e-300,6.51667122678777e-277,5.92507087372836e-255,2.57508082375873e-234,5.37340759812423e-215,5.40118864895254e-197,2.61876890966011e-180,6.11904296183991e-165,6.87035060778548e-151,3.69085918853071e-138,9.44158530076911e-127,1.1447694411308e-116,6.55222545756874e-108,1.76561927765673e-100,2.60061718113508e-94,5.8855493388377e-88,4.16750957090315e-82,1.40718473507014e-77,2.21547424073274e-74,1.62632604965534e-72,5.56682569839813e-72,8.88619562294787e-73,6.61611843280901e-75,2.29811593024298e-78,3.72536200633139e-83,2.81969833571431e-89,9.97178173723478e-97,1.64930041364907e-105,1.277528936803e-115,4.64291805724976e-127,7.93668938241304e-140,6.40196262988255e-154,2.44645885576033e-169,4.44944756432966e-186,3.86996354070153e-204,1.6167316320255e-223,3.25423306328452e-244,3.15960621211722e-266,1.47810749402826e-289,3.32143179344594e-314,0,0,0,0,0,0,0,0,0,0,0,0,0,0,0,0,0,0,0,0,0,0,0,0,0,0,0,0,0,0,0,0,0,0,0,0,0,0,0,0,0,0,0,0
-0.348484848484848,-0.348484848484848,0,0,0,0,0,0,0,0,0,0,0,0,0,0,0,3.22199871465781e-317,1.29068780111403e-292,2.44245419925653e-269,2.19258939278155e-247,9.3812042527419e-227,1.9221932656124e-207,1.89384296367655e-189,8.99535922972646e-173,2.06074026706742e-157,2.27296672753284e-143,1.20277095888997e-130,3.03951386460791e-119,3.65065506523046e-109,2.07470437978872e-100,5.5591092587417e-93,7.32451147226686e-87,5.4732042512026e-81,3.665841142709e-75,1.23762315081133e-70,1.94877712157583e-67,1.43083030715332e-65,4.89904192496939e-65,7.82342974644271e-66,5.8282912142766e-68,2.02618856285467e-71,3.28858074661282e-76,2.49347832073359e-82,8.84025237745152e-90,1.46735784880454e-98,1.14229289609476e-108,4.18031990449699e-120,7.21380037541082e-133,5.89256035260754e-147,2.28864548720271e-162,4.24694863346651e-179,3.78235682800909e-197,1.62226128005939e-216,3.35607926053263e-237,3.34659738976611e-259,1.60413742390707e-282,3.68071942149816e-307,0,0,0,0,0,0,0,0,0,0,0,0,0,0,0,0,0,0,0,0,0,0,0,0,0,0,0,0,0,0,0,0,0,0,0,0,0,0,0,0,0,0,0,0
-0.318181818181818,-0.318181818181818,0,0,0,0,0,0,0,0,0,0,0,0,0,0,0,5.39012577235317e-310,2.14570609486441e-285,4.02634051662887e-262,3.57477225552207e-240,1.50837001047365e-219,3.03930419539119e-200,2.93791285799421e-182,1.36727062833502e-165,3.068999003641e-150,3.32104512667566e-136,1.72814033855954e-123,4.30669193222629e-112,5.11568527816112e-102,2.8827877576384e-93,7.67490915303933e-86,9.74467845834091e-80,2.51152195516639e-74,1.41026693803283e-68,4.75791370148601e-64,7.49320004968393e-61,5.50310243125538e-59,1.88493304819877e-58,3.01176210502732e-59,2.2454785934585e-61,7.81524937220569e-65,1.27052190768243e-69,9.65594204544493e-76,3.43475591534349e-83,5.72793696995154e-92,4.48813554465909e-102,1.65716810573449e-113,2.89399850662356e-126,2.40083138658564e-140,9.50683072617588e-156,1.80523971519535e-172,1.64993921449805e-190,7.27268438980973e-210,1.5456694397873e-230,1.58016125929677e-252,7.73980654363339e-276,1.80780064562676e-300,0,0,0,0,0,0,0,0,0,0,0,0,0,0,0,0,0,0,0,0,0,0,0,0,0,0,0,0,0,0,0,0,0,0,0,0,0,0,0,0,0,0,0,0
-0.287878787878788,-0.287878787878788,0,0,0,0,0,0,0,0,0,0,0,0,0,0,0,3.95268165528233e-303,1.56533002407141e-278,2.91655446008751e-255,2.56515200027132e-233,1.06927655452486e-212,2.12232390535516e-193,2.01540716221358e-175,9.19610658093448e-159,2.02215080672308e-143,2.14482878770379e-129,1.09588449143411e-116,2.68855625893392e-105,3.15302602033574e-95,1.75913622185105e-86,4.6480180835381e-79,5.8145465866148e-73,6.66684139267823e-68,2.37639013564105e-62,7.99566429981832e-58,1.25951944279156e-54,9.25334335604806e-53,3.17109312504247e-52,5.07053682906711e-53,3.78445369653934e-55,1.31916464566789e-58,2.14924007188474e-63,1.63848962839217e-69,5.85388925590016e-77,9.82194272246925e-86,7.76080150772501e-96,2.89804302464102e-107,5.13616703298666e-120,4.34078965431096e-134,1.75770324550847e-149,3.42363703114338e-166,3.21533311180661e-184,1.45632163438727e-203,3.17482956826068e-224,3.31898589237679e-246,1.65614228022932e-269,3.92570970863166e-294,4.40113677315382e-320,0,0,0,0,0,0,0,0,0,0,0,0,0,0,0,0,0,0,0,0,0,0,0,0,0,0,0,0,0,0,0,0,0,0,0,0,0,0,0,0,0,0,0
-0.257575757575758,-0.257575757575758,0,0,0,0,0,0,0,0,0,0,0,0,0,0,1.48219693752374e-322,1.26994938328247e-296,5.00769938652421e-272,9.27555806843475e-249,8.09324247484009e-227,3.33846446644969e-206,6.53857757462428e-187,6.10943217595881e-169,2.73612525795724e-152,5.89603151872841e-137,6.12672081398057e-123,3.07008781925832e-110,7.40268844017456e-99,8.55625884465648e-89,4.71846970005108e-80,1.23558495644156e-72,1.53135248309978e-66,1.13306932473041e-61,1.76325547467359e-56,5.87401075418661e-52,9.25561805215945e-49,6.80307360933483e-47,2.33299242348248e-46,3.73411163059918e-47,2.79095549946996e-49,9.74834746186307e-53,1.5928442171808e-57,1.21929271909755e-63,4.38119930288592e-71,7.40919011640094e-80,5.91708823389922e-90,2.24075581966516e-101,4.04260160312467e-114,3.49127310206309e-128,1.44935986448917e-143,2.90021271481054e-160,2.79921520076169e-178,1.30110905658007e-197,2.9025198681313e-218,3.09355143156919e-240,1.56772838322072e-263,3.76068465135709e-288,4.2538640570011e-314,0,0,0,0,0,0,0,0,0,0,0,0,0,0,0,0,0,0,0,0,0,0,0,0,0,0,0,0,0,0,0,0,0,0,0,0,0,0,0,0,0,0,0
-0.227272727272727,-0.227272727272727,0,0,0,0,0,0,0,0,0,0,0,0,0,0,2.12955934510059e-316,1.78696398522664e-290,7.02149679473483e-266,1.29421292422461e-242,1.12172770204404e-220,4.58600238954099e-200,8.87843474278707e-181,8.17640646407925e-163,3.599170151558e-146,7.6065968723382e-131,7.74374457951355e-117,3.80259048854105e-104,8.99899983999921e-93,1.02336821405771e-82,5.56852404306981e-74,1.44289981207712e-66,1.77272589206456e-60,1.10538343125789e-55,5.86595248115805e-51,1.88679041177864e-46,2.97379061977756e-43,2.18718607484957e-41,7.50745999128865e-41,1.20320845062385e-41,9.0100800124534e-44,3.15557772829063e-47,5.17583959222976e-52,3.98329536189929e-58,1.44193653742235e-65,2.46316064397737e-74,1.99347794105424e-84,7.67886209557093e-96,1.41461387632115e-108,1.25178037676392e-122,5.33714291856622e-138,1.09764837556446e-154,1.08766676462381e-172,5.17673787646448e-192,1.17827324633346e-212,1.2763691894276e-234,6.55021131944987e-258,1.58620127321252e-282,1.80671270697118e-308,0,0,0,0,0,0,0,0,0,0,0,0,0,0,0,0,0,0,0,0,0,0,0,0,0,0,0,0,0,0,0,0,0,0,0,0,0,0,0,0,0,0,0
-0.196969696969697,-0.196969696969697,0,0,0,0,0,0,0,0,0,0,0,0,0,0,1.31493379562725e-310,1.1009838726866e-284,4.31326857527699e-260,7.91795708487429e-237,6.82451406554795e-215,2.76913588523252e-194,5.30787883168096e-175,4.82628557054132e-157,2.09151965527659e-140,4.34044538900487e-125,4.33116207202292e-111,2.08352034830269e-98,4.83420030889646e-87,5.40041777969119e-77,2.89444931840798e-68,7.40891363934178e-61,9.01472508618379e-55,5.30064122064563e-50,9.26029230772462e-46,2.65088096545661e-41,4.1780759129214e-38,3.07552180176776e-36,1.05696378085717e-35,1.69696906219008e-36,1.27395758085116e-38,4.47770592072332e-42,7.38135536023589e-47,5.72032107890154e-53,2.09047071568889e-60,3.61637568983337e-69,2.97481961511641e-79,1.16921697216475e-90,2.20565049779615e-103,2.00384389268336e-117,8.78105438386315e-133,1.85473117942007e-149,1.88306452623552e-167,9.15125978081411e-187,2.11860849277228e-207,2.3256622977703e-229,1.20554607195094e-252,2.94103931732109e-277,3.36791482296338e-303,0,0,0,0,0,0,0,0,0,0,0,0,0,0,0,0,0,0,0,0,0,0,0,0,0,0,0,0,0,0,0,0,0,0,0,0,0,0,0,0,0,0,0
-0.166666666666667,-0.166666666666667,0,0,0,0,0,0,0,0,0,0,0,0,0,0,3.55480714144292e-305,2.97029018278448e-279,1.16062193809521e-254,2.12320348981825e-231,1.82142810770351e-209,7.34388271276489e-189,1.39578261082129e-169,1.25518412249241e-151,5.36428711048742e-135,1.09474507294162e-119,1.07177103129237e-105,5.05167136904339e-93,1.14840376390668e-81,1.25862732101093e-71,6.63345083517862e-63,1.67440401063254e-55,2.01471565152158e-49,1.15722631544314e-44,7.94098212949342e-41,1.63093558491394e-36,2.56733266134612e-33,1.89194776101109e-31,6.51273220140049e-31,1.04808482443185e-31,7.89451148663626e-34,2.78781873364412e-37,4.62574455296923e-42,3.61699345794499e-48,1.33771851691621e-55,2.35036934288913e-64,1.97125079526956e-74,7.92855195790324e-86,1.53495117698397e-98,1.43315772843296e-112,6.45182721853549e-128,1.39707472513214e-144,1.44937426723302e-162,7.16988856573463e-182,1.68328954787788e-202,1.86757586671024e-224,9.75763986044335e-248,2.39420907211696e-272,2.7531443213779e-298,0,0,0,0,0,0,0,0,0,0,0,0,0,0,0,0,0,0,0,0,0,0,0,0,0,0,0,0,0,0,0,0,0,0,0,0,0,0,0,0,0,0,0
-0.136363636363636,-0.136363636363636,0,0,0,0,0,0,0,0,0,0,0,0,0,0,4.21193447688261e-300,3.51098618756958e-274,1.36831576976074e-249,2.49524010194367e-226,2.13186425584526e-204,8.54907943637155e-184,1.61314094447956e-164,1.43690440225335e-146,6.06634558331113e-130,1.21947092272229e-114,1.17284500910663e-100,5.41994366928085e-88,1.2070236717551e-76,1.29661509304095e-66,6.70981801183349e-58,1.66728251826933e-50,1.98057176927301e-44,1.12150364083439e-39,4.31046580090545e-36,4.41055064667826e-32,6.90149261806946e-29,5.09326597539373e-27,1.75710899430264e-26,2.83650344624244e-27,2.14594686447409e-29,7.6246255748e-33,1.27582098030127e-37,1.00894891316132e-43,3.78710227738454e-51,6.77897511515266e-60,5.81420766865166e-70,2.39882838845652e-81,4.77212426762487e-94,4.57841114903324e-108,2.11416086190553e-123,4.68129787391519e-140,4.94748223930953e-158,2.48379918295689e-177,5.89752366260563e-198,6.59865498266026e-220,3.46911271832156e-243,8.55085762516728e-268,9.86589803467692e-294,5.32108700571023e-321,0,0,0,0,0,0,0,0,0,0,0,0,0,0,0,0,0,0,0,0,0,0,0,0,0,0,0,0,0,0,0,0,0,0,0,0,0,0,0,0,0,0
-0.106060606060606,-0.106060606060606,0,0,0,0,0,0,0,0,0,0,0,0,0,1.23516411460312e-322,2.19355612837788e-295,1.82176280148539e-269,7.07616166848454e-245,1.28599300019165e-221,1.09441947414152e-199,4.36748944622202e-179,8.18942598561002e-160,7.23495673214376e-142,3.0221036318528e-125,5.99408058869132e-110,5.67191864852233e-96,2.5725290196628e-83,5.6141312155439e-72,5.90819904616508e-62,2.99842262564675e-53,7.32255212592539e-46,8.57261541809857e-40,4.79204157278474e-35,1.429796768848e-31,5.30873063744603e-28,8.11974872810901e-25,6.00297474087721e-23,2.07694118906539e-22,3.36659700476945e-23,2.56165253548146e-25,9.17395788027519e-29,1.55156992114348e-33,1.2443918085208e-39,4.75496090729541e-47,8.69794574934703e-56,7.6484798269047e-66,3.24194849841746e-77,6.62814078267559e-90,6.52592023276761e-104,3.08364794479644e-119,6.96142291138368e-136,7.47236512493649e-154,3.79670619942628e-173,9.09699731718744e-194,1.02475693048549e-215,5.41481452276907e-239,1.33988550798925e-263,1.55087738569563e-289,8.39066646862601e-317,0,0,0,0,0,0,0,0,0,0,0,0,0,0,0,0,0,0,0,0,0,0,0,0,0,0,0,0,0,0,0,0,0,0,0,0,0,0,0,0,0,0
-0.0757575757575757,-0.0757575757575757,0,0,0,0,0,0,0,0,0,0,0,0,0,2.87599564969356e-318,5.05763776617706e-291,4.17004094646964e-265,1.61054218616901e-240,2.91274496862931e-217,2.46736460590191e-195,9.79754418461148e-175,1.82634442148974e-155,1.60166144685038e-137,6.62778780048034e-121,1.2990197040807e-105,1.21128310286797e-91,5.39914656338859e-79,1.15551322869656e-67,1.19127989016125e-57,5.92429606237934e-49,1.4199217697854e-41,1.63546213614783e-35,9.01689665041142e-31,2.45549826951017e-27,2.9603219758584e-24,4.18425858320223e-21,3.09933262489346e-19,1.07640337317196e-18,1.75418989158151e-19,1.34473246536906e-21,4.86470156869434e-25,8.33816303565868e-30,6.80261402194056e-36,2.65437302089771e-43,4.97530378386649e-52,4.49349322272308e-62,1.95763192581284e-73,4.10921238234693e-86,4.14299299392362e-100,1.99757966694543e-115,4.58406782775795e-132,4.98405599634724e-150,2.55742969323309e-169,6.17386875471307e-190,6.99556091209806e-212,3.71427643653938e-235,9.23079284605774e-260,1.07314250781904e-285,5.83526406870956e-313,0,0,0,0,0,0,0,0,0,0,0,0,0,0,0,0,0,0,0,0,0,0,0,0,0,0,0,0,0,0,0,0,0,0,0,0,0,0,0,0,0,0
-0.0454545454545454,-0.0454545454545454,0,0,0,0,0,0,0,0,0,0,0,0,0,3.05042002799531e-314,5.25122447485378e-287,4.26211250618728e-261,1.62696688620191e-236,2.91619562884293e-213,2.45232065628664e-191,9.67441627230726e-171,1.79162516677011e-151,1.55980771165682e-133,6.3986206862228e-117,1.24068744868863e-101,1.14163083989061e-87,5.00794606134124e-75,1.05218452165153e-63,1.06309663941347e-53,5.17862218882723e-45,1.21680419198081e-37,1.37668667162482e-31,7.47481806725399e-27,1.96263770673177e-23,8.50907295764568e-21,9.46046129609095e-18,7.01514782825668e-16,2.4484044480177e-15,4.01804980231475e-16,3.10963400089227e-18,1.13928179818463e-21,1.98488901210316e-26,1.65240449842565e-32,6.60284405365712e-40,1.27073794898995e-48,1.17966198470634e-58,5.27873956218062e-70,1.13547275194263e-82,1.16920862233724e-96,5.73619452685399e-112,1.33469960448507e-128,1.46704476832452e-146,7.5931780074343e-166,1.84630372902256e-186,2.10568709963216e-208,1.12539791194731e-231,2.81788839346994e-256,3.30670709783879e-282,1.82031472316638e-309,0,0,0,0,0,0,0,0,0,0,0,0,0,0,0,0,0,0,0,0,0,0,0,0,0,0,0,0,0,0,0,0,0,0,0,0,0,0,0,0,0,0
-0.0151515151515151,-0.0151515151515151,0,0,0,0,0,0,0,0,0,0,0,0,0,1.54389562530791e-310,2.54553662091443e-283,1.99864544867082e-257,7.44096479950521e-233,1.30896466070482e-209,1.08519699691941e-187,4.23327861474636e-167,7.76536942041087e-148,6.70057261870446e-130,2.72329805343258e-113,5.22527583671181e-98,4.74865255751677e-84,2.05236224677238e-71,4.23782793133019e-60,4.1991685153517e-50,2.00367034746995e-41,4.61197649752835e-34,5.11855917568165e-28,2.7324461965251e-23,7.02288705029246e-20,1.48860072988514e-17,9.42607334476969e-15,6.96846821420465e-13,2.4473603794459e-12,4.05245249249729e-13,3.17413121295292e-15,1.1811767955254e-18,2.0983214762846e-23,1.78777146468602e-29,7.33230827376186e-37,1.45048376196233e-45,1.38365727973537e-55,6.34988208263068e-67,1.39647784176842e-79,1.46499111589381e-93,7.29782727035293e-109,1.71943744068808e-125,1.91010044855351e-143,9.98265599639582e-163,2.4512792831081e-183,2.82690261429724e-205,1.53174173562258e-228,3.90463182849644e-253,4.69301014287031e-279,2.66782424819965e-306,0,0,0,0,0,0,0,0,0,0,0,0,0,0,0,0,0,0,0,0,0,0,0,0,0,0,0,0,0,0,0,0,0,0,0,0,0,0,0,0,0,0
0.0151515151515151,0.0151515151515151,0,0,0,0,0,0,0,0,0,0,0,0,0,3.98919055430873e-307,6.1258467936764e-280,4.52822818475799e-254,1.60540524199437e-229,2.7179528937835e-206,2.18801287060671e-184,8.3455248432233e-164,1.50430546614397e-144,1.2796159888798e-126,5.1355490287205e-110,9.73378799776334e-95,8.7317083688979e-81,3.71912954780826e-68,7.55214750885676e-57,7.34343897064674e-47,3.4329927266726e-38,7.73737171971937e-31,8.41427545964922e-25,4.4093831780603e-20,1.11275266503954e-16,1.65145496430727e-14,4.19049788099956e-12,3.04264888787419e-10,1.07673658215353e-09,1.80318988058303e-10,1.43351322511693e-12,5.4353343176158e-16,9.8758654641011e-21,8.63329643740357e-27,3.63977671031884e-34,7.40269029183096e-43,7.24941195275115e-53,3.40626397164955e-64,7.64572281100182e-77,8.16242605614286e-91,4.12888042910637e-106,9.86771104072781e-123,1.11225090696675e-140,5.9090070880551e-160,1.48036884919178e-180,1.75178288620826e-202,9.8182343558849e-226,2.6159879472059e-250,3.3279261383125e-276,2.03031800621268e-303,0,0,0,0,0,0,0,0,0,0,0,0,0,0,0,0,0,0,0,0,0,0,0,0,0,0,0,0,0,0,0,0,0,0,0,0,0,0,0,0,0,0
0.0454545454545454,0.0454545454545454,0,0,0,0,0,0,0,0,0,0,0,0,0,5.52711077526637e-304,7.80339756375784e-277,5.31127705328471e-251,1.74488763891871e-226,2.76420935697279e-203,2.1057141305299e-181,7.68398011820776e-161,1.3378071734024e-141,1.10747577414166e-123,4.34894929285076e-107,8.09272455113515e-92,7.13890352342515e-78,2.99062127284382e-65,5.96728160115849e-54,5.69287288581651e-44,2.60717808204538e-35,5.75124752817063e-28,6.12241684161641e-22,3.14483664190139e-17,7.78963389584668e-14,1.00354289455489e-11,8.61147688674456e-10,5.85447602233225e-08,2.08919930826878e-07,3.54813449193127e-08,2.87202802114905e-10,1.11315530023143e-13,2.07464974823503e-18,1.86465671399225e-24,8.08883754984993e-32,1.6913743569267e-40,1.69959345304051e-50,8.17506099241662e-62,1.87478121353516e-74,2.04307991873628e-88,1.05569605741633e-103,2.584253876292e-120,2.99854411154282e-138,1.6523184895089e-157,4.33737038693547e-178,5.44494209112537e-200,3.28202647038065e-223,9.53047397585742e-248,1.33559508771401e-273,9.0297208972429e-301,0,0,0,0,0,0,0,0,0,0,0,0,0,0,0,0,0,0,0,0,0,0,0,0,0,0,0,0,0,0,0,0,0,0,0,0,0,0,0,0,0,0
0.0757575757575757,0.0757575757575757,0,0,0,0,0,0,0,0,0,0,0,0,0,4.03343081149283e-301,5.32332815895366e-274,3.3538251486188e-248,1.01354283958443e-223,1.47512688767849e-200,1.03646291255589e-178,3.51701931064999e-158,5.75433765651029e-139,4.52618191800097e-121,1.70572517074464e-104,3.07072540465801e-89,2.63581017799233e-75,1.07830463546348e-62,2.10472570936865e-51,1.9648200445015e-41,8.80102084908668e-33,1.89787247519932e-25,1.97512736298042e-19,9.92843559524148e-15,2.41031544882004e-11,2.92466569470563e-09,8.93159296036947e-08,4.98782410434482e-06,1.79230238165203e-05,3.09609102530697e-06,2.56058306213487e-08,1.01792876439902e-11,1.95167221439688e-16,1.80751061399139e-22,8.08191903105118e-30,1.74075290610509e-38,1.80044251270462e-48,8.91413078044633e-60,2.1077839414181e-72,2.37784088999983e-86,1.28047446681308e-101,3.29783294146081e-118,4.07412655154196e-136,2.42214859553996e-155,6.94827058184103e-176,9.62864978737298e-198,6.44011094026332e-221,2.07312941911934e-245,3.19822722587222e-271,2.35292747136275e-298,0,0,0,0,0,0,0,0,0,0,0,0,0,0,0,0,0,0,0,0,0,0,0,0,0,0,0,0,0,0,0,0,0,0,0,0,0,0,0,0,0,0
0.106060606060606,0.106060606060606,0,0,0,0,0,0,0,0,0,0,0,0,0,1.45289292737706e-298,1.84411543027723e-271,1.10487898117026e-245,3.13761429307791e-221,4.24344568548822e-198,2.74711490780575e-176,8.55327714354855e-156,1.28546775229949e-136,9.34280845634818e-119,3.28361513669371e-102,5.57165081591082e-87,4.55365425599076e-73,1.78882845401405e-60,3.37382899440107e-49,3.05577984428367e-39,1.33112245265421e-30,2.79509743090276e-23,2.83540022156711e-17,1.39122873801491e-12,3.3027465873306e-09,3.86768722234946e-07,5.38451029169415e-06,0.00019007199203298,0.000682286251450057,0.000120272013103327,1.02062302096607e-06,4.17998115959416e-10,8.28231172708792e-15,7.94485574079042e-21,3.68613880179292e-28,8.25723068578477e-37,8.91533603855688e-47,4.63568318738209e-58,1.16122680324557e-70,1.40333465897922e-84,8.19698923835802e-100,2.3174363511004e-116,3.17142702233736e-134,2.09715849936468e-153,6.67741208231977e-174,1.01891060048073e-195,7.4127039408066e-219,2.55853686220655e-243,4.17181724684056e-269,3.20245901844643e-296,0,0,0,0,0,0,0,0,0,0,0,0,0,0,0,0,0,0,0,0,0,0,0,0,0,0,0,0,0,0,0,0,0,0,0,0,0,0,0,0,0,0
0.136363636363636,0.136363636363636,0,0,0,0,0,0,0,0,0,0,0,0,0,2.43780416058103e-296,3.03777754300083e-269,1.77452289388548e-243,4.87012284973176e-219,6.29812089709638e-196,3.85241501041616e-174,1.11969133194261e-153,1.55440713805074e-134,1.03623095772421e-116,3.33323993844481e-100,5.1921263345216e-85,3.92382895068283e-71,1.43907839754626e-58,2.55954616084595e-47,2.20585989465945e-37,9.20864309957347e-29,1.86299801853641e-21,1.82814524902253e-15,8.70654641063665e-11,2.01247271866603e-07,2.2855953361625e-05,0.000201205396204602,0.00331556074235854,0.0116002963634518,0.00209561333222422,1.8379967003404e-05,7.82667657259789e-09,1.62187411628233e-13,1.63738539508637e-19,8.05510854481323e-27,1.93086745779255e-35,2.25532721500116e-45,1.2836362526678e-56,3.55787924782914e-69,4.79361011119726e-83,3.12883677012372e-98,9.8464296551957e-115,1.48571268541292e-132,1.06881261590962e-151,3.64706189133645e-172,5.87731224383147e-194,4.45796375235341e-217,1.58773745560489e-241,2.65219637380845e-267,2.08007130789231e-294,6.91691904177745e-323,0,0,0,0,0,0,0,0,0,0,0,0,0,0,0,0,0,0,0,0,0,0,0,0,0,0,0,0,0,0,0,0,0,0,0,0,0,0,0,0,0
0.166666666666667,0.166666666666667,0,0,0,0,0,0,0,0,0,0,0,0,6.91691904177745e-323,1.84364170311713e-294,2.27949214026091e-267,1.31687906549093e-241,3.55818548208445e-217,4.5028508176555e-194,2.67395945434696e-172,7.47065814677318e-152,9.85345408276158e-133,6.16217097694967e-115,1.83683988141017e-98,2.62517073320727e-83,1.80971692567654e-69,6.05081953388454e-57,9.85463828739979e-46,7.84000125400764e-36,3.05127279248786e-27,5.81266425406273e-20,5.41987542810497e-14,2.47209524009331e-09,5.50946700067497e-06,0.000604304367264716,0.00421923021507238,0.0278524519709054,0.0895080094826267,0.0167232887535973,0.000154375956845997,7.006754105173e-08,1.5684348593738e-12,1.73431499835197e-18,9.4684978146056e-26,2.54553047924837e-34,3.35436072738282e-44,2.15318136858837e-55,6.68509076843147e-68,9.96691386024413e-82,7.08853521831362e-97,2.39129867829024e-113,3.80911595106193e-131,2.85534192717683e-150,1.00505696064385e-170,1.66035316208768e-192,1.29105427454324e-215,4.78045751080413e-240,8.72063023088436e-266,8.48189621007632e-293,4.93077514549564e-321,0,0,0,0,0,0,0,0,0,0,0,0,0,0,0,0,0,0,0,0,0,0,0,0,0,0,0,0,0,0,0,0,0,0,0,0,0,0,0,0,0
0.196969696969697,0.196969696969697,0,0,0,0,0,0,0,0,0,0,0,0,2.34187116128751e-321,6.19026971957671e-293,7.62955184194751e-266,4.3876749840537e-240,1.17785430718261e-215,1.47680235605218e-192,8.65538708187981e-171,2.37407199187362e-150,3.05253677290708e-131,1.8440834021774e-113,5.25053725931793e-97,7.07490751555833e-82,4.53545034861656e-68,1.39216292484892e-55,2.06116778251134e-44,1.48332708850956e-34,5.22665129177855e-26,9.07124630444716e-19,7.78520254073666e-13,3.30866171412586e-08,6.95669725137493e-05,0.00726014302291975,0.0441758907683599,0.123168031847681,0.32853470627869,0.0652517957506815,0.000664105047245496,3.39408124626854e-07,8.68540682153247e-12,1.10533836339537e-17,6.92597465377557e-25,2.11326543469962e-33,3.10774868851962e-43,2.18374267843875e-54,7.28243845228217e-67,1.14678970597426e-80,8.49781509094944e-96,2.95747759288059e-112,4.83655355890797e-130,3.73828895175283e-149,1.39270633574261e-169,2.63554482924161e-191,2.80662473176705e-214,1.85585472090433e-238,7.44206731278042e-264,1.61570912658321e-290,1.74023260237725e-318,0,0,0,0,0,0,0,0,0,0,0,0,0,0,0,0,0,0,0,0,0,0,0,0,0,0,0,0,0,0,0,0,0,0,0,0,0,0,0,0,0
0.227272727272727,0.227272727272727,0,0,0,0,0,0,0,0,0,0,0,0,3.4737755559098e-320,9.17034687014917e-292,1.12884666585981e-264,6.48022006128744e-239,1.73508308445551e-214,2.16734409791644e-191,1.26345239450218e-169,3.43893813781626e-149,4.37348857914986e-130,2.60138995371812e-112,7.24734612657714e-96,9.47614237548952e-81,5.83181891500095e-67,1.6959595605622e-54,2.3431369221378e-43,1.54886718352018e-33,4.9419993069103e-25,7.69017706389125e-18,5.89909454325764e-12,2.25183897143244e-07,0.000430339186818845,0.0413871757058501,0.222626841256152,0.314346440990573,0.652964718159459,0.147183111091666,0.00176910550152613,1.06824957958515e-06,3.18087501087351e-11,4.59887644939929e-17,3.18885348136618e-24,1.05100814876592e-32,1.63648943670899e-42,1.19921399982379e-53,4.12922882476147e-66,6.69365569778466e-80,5.16000838918771e-95,1.95064943568166e-111,3.89311459469746e-129,4.59920123010976e-148,3.40125954809655e-168,1.45658121294606e-189,3.23066812526995e-212,3.47816367062447e-236,1.7703285354941e-261,4.22035668083214e-288,4.69752596358895e-316,0,0,0,0,0,0,0,0,0,0,0,0,0,0,0,0,0,0,0,0,0,0,0,0,0,0,0,0,0,0,0,0,0,0,0,0,0,0,0,0,0
0.257575757575758,0.257575757575758,0,0,0,0,0,0,0,0,0,0,0,0,2.26578505182796e-319,5.9792943547116e-291,7.35685298646486e-264,4.22033705773404e-238,1.12886981307082e-213,1.40806890481627e-190,8.19120275326542e-169,2.22281201726978e-148,2.81459631170973e-129,1.66368904738189e-111,4.5934454875059e-95,5.92931280812957e-80,3.58290453917368e-66,1.0154392843513e-53,1.35349264092324e-42,8.51864524177145e-33,2.54609137593866e-24,3.64277558939741e-17,2.52168217635795e-11,8.55854368893767e-07,0.00144481823268027,0.123119398552315,0.570035223980466,0.478607692373188,0.885053417892331,0.239136931646403,0.00337617073186398,2.30675201372627e-06,7.51354494481312e-11,1.15731449890513e-16,8.39203767699664e-24,2.86108585706673e-32,4.60291639440183e-42,3.54794806721263e-53,1.36803728107631e-65,2.8936601985224e-79,3.74702450482002e-94,2.99308282633657e-110,1.32724143922066e-127,2.96179862924582e-146,3.16875711525598e-166,1.59562117649494e-187,3.75754685195096e-210,4.12938394296947e-234,2.11624353280808e-259,5.05643555192758e-286,5.63233527479125e-314,0,0,0,0,0,0,0,0,0,0,0,0,0,0,0,0,0,0,0,0,0,0,0,0,0,0,0,0,0,0,0,0,0,0,0,0,0,0,0,0,0
0.287878787878788,0.287878787878788,0,0,0,0,0,0,0,0,0,0,0,0,6.49696324281239e-319,1.7144052252385e-290,2.10903100329637e-263,1.20957489025797e-237,3.23427540550101e-213,4.03214504314865e-190,2.34390447403892e-168,6.35376863644146e-148,8.03291631207887e-129,4.73757982975085e-111,1.30380911100933e-94,1.67509507791787e-79,1.00534884609374e-65,2.82139221357238e-53,3.70762988467113e-42,2.28629133281496e-32,6.63643321816012e-24,9.11049271207312e-17,5.95609547945252e-11,1.8729691158873e-06,0.00287221689895804,0.218856848156032,0.875671707609976,0.468318553536529,0.954853769416931,0.294415057373023,0.00448451497810432,3.22073703418448e-06,1.08764661131136e-10,1.73543266847877e-16,1.33299922319086e-23,5.1859130045591e-32,1.13029209381956e-41,1.52631116265149e-52,1.25351937480662e-64,5.59527178851918e-78,1.24169946209519e-92,1.31468811615812e-108,6.54020363604167e-126,1.52069811526067e-144,1.64974946356034e-164,8.34574566998764e-186,1.96834737356936e-208,2.16421584795964e-232,1.10930935045027e-257,2.65066657210714e-284,2.95261543778186e-312,0,0,0,0,0,0,0,0,0,0,0,0,0,0,0,0,0,0,0,0,0,0,0,0,0,0,0,0,0,0,0,0,0,0,0,0,0,0,0,0,0
0.318181818181818,0.318181818181818,0,0,0,0,0,0,0,0,0,0,0,0,8.18943451920617e-319,2.16093668737647e-290,2.65826437800846e-263,1.52450419379137e-237,4.07609997828353e-213,5.08116571367421e-190,2.95330473888256e-168,8.0041357408744e-148,1.01165546057365e-128,5.96398601373203e-111,1.64034038529415e-94,2.10562931445776e-79,1.26215000042088e-65,3.53558066208602e-53,4.63376951327067e-42,2.84631190973264e-32,8.21545863741781e-24,1.11862099265121e-16,7.22778088215177e-11,2.23599295242542e-06,0.00335741986373396,0.250615016010094,1,0.450090464258493,0.872980746804689,0.279779083862312,0.00438557788446609,3.30051660393852e-06,1.2428847604836e-10,2.568602788771e-16,3.25000746616862e-23,2.5343606541607e-31,1.0959566111259e-40,2.38367731943441e-51,2.4850502236648e-63,1.21926542785853e-76,2.79759363565151e-91,2.99553116406038e-107,1.49575844638789e-124,3.48214761435276e-143,3.77918336304237e-163,1.91206635241597e-184,4.50981356528439e-207,4.95865253093972e-231,2.54166224160745e-256,6.07324697013437e-283,6.76508020776537e-311,0,0,0,0,0,0,0,0,0,0,0,0,0,0,0,0,0,0,0,0,0,0,0,0,0,0,0,0,0,0,0,0,0,0,0,0,0,0,0,0,0
0.348484848484849,0.348484848484849,0,0,0,0,0,0,0,0,0,0,0,0,4.5372024520185e-319,1.1972700107844e-290,1.4728935241579e-263,8.44763829705514e-238,2.25891600045454e-213,2.81636558749875e-190,1.63732942432915e-168,4.43905440613276e-148,5.61337317878541e-129,3.31162289154766e-111,9.11788218113229e-95,1.17221413602699e-79,7.04221470110828e-66,1.97919570011726e-53,2.60658875980905e-42,1.61269285984962e-32,4.70512946153094e-24,6.51051539141248e-17,4.30934638523927e-11,1.3821550346537e-06,0.00219288645609513,0.179839980488839,0.888572220910712,0.592309523940189,0.855781532641696,0.263998122260187,0.00456803284864428,4.51703595100783e-06,2.78996264884916e-10,1.04798306525913e-15,2.13258861482002e-22,2.15282480081095e-30,1.03587058813582e-39,2.34104954817691e-50,2.47255108179467e-62,1.2183862454283e-75,2.79956633861211e-90,2.99905172797614e-106,1.49774785141961e-123,3.4869562953605e-142,3.78446554861114e-162,1.91474939625574e-183,4.51614998870592e-206,4.96562254425212e-230,2.54523536809547e-255,6.0817852706636e-282,6.77459129149435e-310,0,0,0,0,0,0,0,0,0,0,0,0,0,0,0,0,0,0,0,0,0,0,0,0,0,0,0,0,0,0,0,0,0,0,0,0,0,0,0,0,0
0.378787878787879,0.378787878787879,0,0,0,0,0,0,0,0,0,0,0,0,1.1048295972302e-319,2.91576500445563e-291,3.5875240856614e-264,2.05802271960075e-238,5.50487402020819e-214,6.86638808498597e-191,3.99442104335575e-169,1.08395747947096e-148,1.37256281581067e-129,8.11337397510683e-112,2.24024036897264e-95,2.8921089968442e-80,1.74805762668864e-66,4.9567569272698e-54,6.61374687333896e-43,4.17108225558002e-33,1.25161105014054e-24,1.80411099044918e-17,1.2660952570802e-11,4.40767710392481e-07,0.000784547178491426,0.0769822201532531,0.538527849163744,0.64913615541328,0.966354263803722,0.306255593427388,0.00693150701518132,1.03174834950102e-05,9.0151051711528e-10,4.08260973536844e-15,8.96288734335885e-22,9.2951371050244e-30,4.51340565787966e-39,1.02310525487762e-49,1.08165137141279e-61,5.33174463808612e-75,1.22524218817462e-89,1.31259437859578e-105,6.55526655485016e-123,1.52615913919359e-141,1.65637406593889e-161,8.38042391815814e-183,1.97661671177465e-205,2.17334078166033e-229,1.1139920235405e-254,2.6618600378932e-281,2.96508558888693e-309,0,0,0,0,0,0,0,0,0,0,0,0,0,0,0,0,0,0,0,0,0,0,0,0,0,0,0,0,0,0,0,0,0,0,0,0,0,0,0,0,0
0.409090909090909,0.409090909090909,0,0,0,0,0,0,0,0,0,0,0,0,1.18279315614394e-320,3.12128763519396e-292,3.84152519399755e-265,2.20467153147356e-239,5.90077432985563e-215,7.36678875220516e-192,4.29107881749926e-170,1.16665074362915e-149,1.48130425953432e-130,8.79084400098203e-113,2.44127104247209e-96,3.17800699680858e-81,1.94424100173817e-67,5.61063392685891e-55,7.67846683799574e-44,5.02183968194301e-34,1.58617362421188e-25,2.45287517562129e-18,1.88821204536206e-12,7.38849346987384e-08,0.000152758180055077,0.0187451526464829,0.191706258406324,0.415073528303634,0.84722901664521,0.314895732231566,0.00922465006457464,1.68572405681849e-05,1.62798453639324e-09,7.65828934819646e-15,1.70343399590442e-21,1.7742922724401e-29,8.62774389829902e-39,1.95667246526843e-49,2.06896173228352e-61,1.01989771903877e-74,2.34377811658131e-89,2.51088882610334e-105,1.25397271348905e-122,2.91942828040037e-141,3.16852031608791e-161,1.60311282933076e-182,3.78112098792586e-205,4.1574395540546e-229,2.13098403677457e-254,5.09194063628014e-281,5.67198860530573e-309,0,0,0,0,0,0,0,0,0,0,0,0,0,0,0,0,0,0,0,0,0,0,0,0,0,0,0,0,0,0,0,0,0,0,0,0,0,0,0,0,0
0.439393939393939,0.439393939393939,0,0,0,0,0,0,0,0,0,0,0,0,5.53353523342196e-322,1.4688805401203e-293,1.80884569687601e-266,1.03895510923101e-240,2.78404381548038e-216,3.48168718169605e-193,2.03308563578654e-171,5.54739827673872e-151,7.08023302542858e-132,4.23341596310759e-114,1.18842861931293e-97,1.57131978603455e-82,9.8292112830287e-69,2.92734910493131e-56,4.18659494299489e-45,2.90736002657563e-35,9.93400582684839e-27,1.6936852607784e-19,1.46117843420328e-13,6.50412315988697e-09,1.57583586095345e-05,0.00245938585612221,0.0361246843522854,0.141221251226461,0.425205094366427,0.1935776761052,0.00671983008720401,1.34031851772627e-05,1.33834088442296e-09,6.36756444579702e-15,1.42162286411779e-21,1.48255787620724e-29,7.21200060676046e-39,1.63580996796811e-49,1.72975890317846e-61,8.52699030418621e-75,1.95955574734114e-89,2.09927465432725e-105,1.04840740144894e-122,2.44084315322935e-141,2.64910139511117e-161,1.34031285372585e-182,3.16127785769392e-205,3.47590613306412e-229,1.78164959254076e-254,4.2572134775153e-281,4.7421735761017e-309,0,0,0,0,0,0,0,0,0,0,0,0,0,0,0,0,0,0,0,0,0,0,0,0,0,0,0,0,0,0,0,0,0,0,0,0,0,0,0,0,0
0.46969696969697,0.46969696969697,0,0,0,0,0,0,0,0,0,0,0,0,1.48219693752374e-323,3.03982827806485e-295,3.74738312407317e-268,2.1557313334009e-242,5.7895453887542e-218,7.26373731967418e-195,4.26136376047895e-173,1.17056207079905e-152,1.50845955289471e-133,9.14437446474888e-116,2.6177320848703e-99,3.55758738519587e-84,2.31180557625917e-70,7.24961555173983e-58,1.10933252241656e-46,8.38300098791428e-37,3.16337204259201e-28,6.01307129668913e-21,5.80794283735057e-15,2.91840534768694e-10,8.2885029627456e-07,0.000165591173327666,0.00341006107449787,0.0249347620816946,0.108841164264102,0.0597701895004945,0.00230598919896247,4.79697599845822e-06,4.85806710407403e-10,2.32186198512809e-15,5.19127395625279e-22,5.41628969579527e-30,2.63518248195675e-39,5.97735121550776e-50,6.32074591390886e-62,3.11588025575278e-75,7.16049991636884e-90,7.67105722749644e-106,3.83103497848833e-123,8.91920072300921e-142,9.68020723043195e-162,4.89770089017758e-183,1.15517756674358e-205,1.27014738107822e-229,6.51041045946403e-255,1.55564861184312e-281,1.7328601865814e-309,0,0,0,0,0,0,0,0,0,0,0,0,0,0,0,0,0,0,0,0,0,0,0,0,0,0,0,0,0,0,0,0,0,0,0,0,0,0,0,0,0
0.5,0.5,0,0,0,0,0,0,0,0,0,0,0,0,0,2.76846533020897e-297,3.41970176519971e-270,1.97292443763493e-244,5.32070686099688e-220,6.71560064526747e-197,3.97371208857507e-175,1.1049593838524e-154,1.44872532684321e-135,8.99705065331465e-118,2.6627504060535e-101,3.78492891615956e-86,2.60833895856057e-72,8.80585528045965e-60,1.47124177631059e-48,1.22635819350174e-38,5.12431891330558e-30,1.07625337187754e-22,1.14622651026143e-16,6.43892503853746e-12,2.15820955830947e-08,5.51329327613255e-06,0.000158573211795667,0.00224194582510267,0.0135104741103484,0.00864616195801382,0.000356495362281443,7.58459245496163e-07,7.7348333076291e-11,3.70466184326039e-16,8.28842784526229e-23,8.64947739074444e-31,4.20849880267567e-40,9.54628607011264e-51,1.0094782415453e-62,4.97634350626752e-76,1.14359763787055e-90,1.2251386216608e-106,6.11851683175093e-124,1.42447880120073e-142,1.54601858778255e-162,7.8220811332918e-184,1.84492537645208e-206,2.02854280012087e-230,1.03977274302227e-255,2.48451466222889e-282,2.76753793139603e-310,0,0,0,0,0,0,0,0,0,0,0,0,0,0,0,0,0,0,0,0,0,0,0,0,0,0,0,0,0,0,0,0,0,0,0,0,0,0,0,0,0
0.53030303030303,0.53030303030303,0,0,0,0,0,0,0,0,0,0,0,0,0,1.11126096087852e-299,1.37777923523696e-272,7.99134495466727e-247,2.17167074117e-222,2.77092291108936e-199,1.66490131287212e-177,4.72955516641977e-157,6.38572847474852e-138,4.12543954733771e-120,1.28560369948951e-103,1.95004916263429e-88,1.45293112246693e-74,5.35968335161387e-62,9.84109692508483e-51,9.01201489940683e-41,4.11403973216324e-32,9.37766837904732e-25,1.08584624648051e-18,6.8204221009865e-14,2.73287893873328e-10,8.82860238451902e-08,3.6765223838308e-06,0.000100197771135901,0.000788387085335586,0.000567642567760586,2.44306486111493e-05,5.26589095069811e-08,5.39056745539574e-12,2.58472222996e-17,5.78471257599963e-24,6.03731293587942e-32,2.93761459015543e-41,6.66356162517128e-52,7.04644933548667e-64,3.47363492849831e-77,7.98265238789721e-92,8.55183369874367e-108,4.27090774711093e-125,9.94328819616841e-144,1.07916723093557e-163,5.46004667353384e-185,1.28781311484056e-207,1.41598357077806e-231,7.25792485837973e-257,1.73426557382645e-283,1.93182428410187e-311,0,0,0,0,0,0,0,0,0,0,0,0,0,0,0,0,0,0,0,0,0,0,0,0,0,0,0,0,0,0,0,0,0,0,0,0,0,0,0,0,0
0.560606060606061,0.560606060606061,0,0,0,0,0,0,0,0,0,0,0,0,0,1.97179056944171e-302,2.46135257831025e-275,1.4414736303929e-249,3.97093278638865e-225,5.16374638911027e-202,3.18450275925972e-180,9.36864830141222e-160,1.32415749723826e-140,9.06296801105081e-123,3.02825491967742e-106,4.97625275611542e-91,4.04421841470012e-77,1.63050053505861e-64,3.26191604649592e-53,3.23186048627097e-43,1.58331019592822e-34,3.85849082525324e-27,4.83300119914412e-21,3.43171952422377e-16,1.6606190781865e-12,6.67131145440586e-10,4.37319845753051e-08,2.16840455225932e-06,2.11620989126327e-05,1.66456503810723e-05,7.37106203543244e-07,1.60157767600362e-09,1.64312595990836e-13,7.88352109845372e-19,1.76468115538807e-25,1.84183784118507e-33,8.96209632097923e-43,2.03293462783563e-53,2.14975033319946e-65,1.05974673417044e-78,2.43537141036542e-93,2.60901908277817e-109,1.30298137216246e-126,3.03352826579159e-145,3.29235584856659e-165,1.66576746353408e-186,3.92889899026439e-209,4.31992527309861e-233,2.21426954900443e-258,5.29094958265415e-285,5.89366763886177e-313,0,0,0,0,0,0,0,0,0,0,0,0,0,0,0,0,0,0,0,0,0,0,0,0,0,0,0,0,0,0,0,0,0,0,0,0,0,0,0,0,0
0.590909090909091,0.590909090909091,0,0,0,0,0,0,0,0,0,0,0,0,0,1.55498493667551e-305,1.9646928295151e-278,1.17019798043809e-252,3.29927432681216e-228,4.42637034661509e-205,2.84368748381254e-183,8.81029249433663e-163,1.32596455471426e-143,9.75936815772666e-126,3.53183306768587e-109,6.30665729361616e-94,5.56468341139005e-80,2.42462997195464e-67,5.20463117335659e-56,5.48842663763824e-46,2.84482053607178e-37,7.35454974940989e-30,1.001250810212e-23,8.17139133118302e-19,4.77557293309593e-15,2.35970401225835e-12,2.72934388921635e-10,2.21952069086333e-08,2.57327964652332e-07,2.16161221329627e-07,9.75963463605733e-09,2.13154460101691e-11,2.18982642532376e-15,1.05103988429658e-20,2.35293470977491e-27,2.45588420562857e-35,1.19500554050398e-44,2.71072141230582e-55,2.86648622033504e-67,1.41307116425144e-80,3.24733569920372e-95,3.47887841645296e-111,1.73740155529719e-128,4.0449210208224e-147,4.39004295507291e-167,2.22114226306447e-188,5.23881261130057e-211,5.76020891791919e-235,2.95251755450863e-260,7.05497735354093e-287,7.85864447657584e-315,0,0,0,0,0,0,0,0,0,0,0,0,0,0,0,0,0,0,0,0,0,0,0,0,0,0,0,0,0,0,0,0,0,0,0,0,0,0,0,0,0
0.621212121212121,0.621212121212121,0,0,0,0,0,0,0,0,0,0,0,0,0,5.50143188124229e-309,7.09623209698195e-282,4.34629489859993e-256,1.27122886750678e-231,1.78702554297759e-208,1.21541136123896e-186,4.02416689530725e-166,6.51876088311577e-147,5.18437016065023e-129,2.0280741510926e-112,3.9040466029175e-97,3.69479411764925e-83,1.71533466306271e-70,3.89464142351886e-59,4.31618643578246e-49,2.34655712032304e-40,6.43267066303829e-33,9.6395497106735e-27,9.17896690110087e-22,6.4063083657381e-18,3.93300825987545e-15,8.88199482802769e-13,1.05448172012268e-10,1.40256565982731e-09,1.23708876874773e-09,5.66138958211046e-11,1.24074326649275e-13,1.27578912221122e-17,6.12474357130538e-23,1.37121437262846e-29,1.43123455402492e-37,6.96426015776299e-47,1.57975808928441e-57,1.67053566727236e-69,8.23512106344536e-83,1.89248811051782e-97,2.02742701772769e-113,1.01252600633797e-130,2.35730635821713e-149,2.55843714189465e-169,1.29444128959181e-190,3.05308465180714e-213,3.35694493077608e-237,1.72067349968082e-262,4.11151241237176e-289,4.57987490184981e-317,0,0,0,0,0,0,0,0,0,0,0,0,0,0,0,0,0,0,0,0,0,0,0,0,0,0,0,0,0,0,0,0,0,0,0,0,0,0,0,0,0
0.651515151515151,0.651515151515151,0,0,0,0,0,0,0,0,0,0,0,0,0,8.86215640468471e-313,1.18153442920344e-285,7.5493696987536e-260,2.32603273517562e-235,3.47589349342406e-212,2.53104772973463e-190,9.00991969225768e-170,1.57078419901191e-150,1.34217555861011e-132,5.62068091978805e-116,1.15269921747773e-100,1.1556352032183e-86,5.64785040695522e-74,1.3416003115982e-62,1.54918721379272e-52,8.80229702040088e-44,2.57473996065535e-36,4.32110688560341e-30,4.83402044595297e-25,3.95873603966015e-21,3.17031098630059e-18,1.45773861076853e-15,2.29252315285308e-13,3.40174391776724e-12,3.11117322257151e-12,1.4374816380469e-13,3.15783891090318e-16,3.24893911084119e-20,1.55996518898474e-25,3.49260178134746e-32,3.64551606816529e-40,1.77388081929157e-49,4.02383716560288e-60,4.2550598037775e-72,2.09758677411252e-85,4.82040044271229e-100,5.16410650627754e-116,2.57902854379455e-133,6.00434986437241e-152,6.51665476406619e-172,3.29710152309492e-193,7.77658294494214e-216,8.55055253071668e-240,4.3827675016021e-265,1.0472528917738e-291,1.16658780296035e-319,0,0,0,0,0,0,0,0,0,0,0,0,0,0,0,0,0,0,0,0,0,0,0,0,0,0,0,0,0,0,0,0,0,0,0,0,0,0,0,0,0
0.681818181818182,0.681818181818182,0,0,0,0,0,0,0,0,0,0,0,0,0,6.63380065221588e-317,9.27621397824919e-290,6.27171544763845e-264,2.05954357621126e-239,3.29495717095814e-216,2.57225628084396e-194,9.80422097512383e-174,1.82471414306398e-154,1.65818996151882e-136,7.3546132982011e-120,1.5901750522232e-104,1.67206025282987e-90,8.52274233742797e-78,2.1011302328549e-66,2.51496551302279e-56,1.49516469953204e-47,4.72431125264866e-40,9.03389280701385e-34,1.18216806683113e-28,1.11780414486436e-24,1.29257215578645e-21,1.15978736918722e-18,2.25695470266705e-16,3.65286911970549e-15,3.43225825777841e-15,1.59676938929002e-16,3.51359453025639e-19,3.61641166942216e-23,1.73657744893745e-28,3.8881154500111e-35,4.05837253365897e-43,1.97477711561123e-52,4.47954862560699e-63,4.73695856749822e-75,2.33514509923495e-88,5.36632607957577e-103,5.74895796696975e-119,2.87111171968684e-136,6.68436156429959e-155,7.25468662254778e-175,3.67050874716257e-196,8.65730567375022e-219,9.5189297744629e-243,4.87912984754336e-268,1.1658576094475e-294,1.28457067918724e-322,0,0,0,0,0,0,0,0,0,0,0,0,0,0,0,0,0,0,0,0,0,0,0,0,0,0,0,0,0,0,0,0,0,0,0,0,0,0,0,0,0
0.712121212121212,0.712121212121212,0,0,0,0,0,0,0,0,0,0,0,0,0,2.36163378712116e-321,3.50212913320512e-294,2.52596490505056e-268,8.86468506093502e-244,1.5140927345484e-220,1.25834835777911e-198,5.08825049646545e-178,1.00124109342509e-158,9.58872879465956e-141,4.46643326826743e-124,1.0099526793954e-108,1.10509723975263e-94,5.8318366345588e-82,1.48349835880079e-70,1.83690095442002e-60,1.149625656014e-51,3.99054894941988e-44,8.79547018270259e-38,1.32777588076287e-32,1.44064487816437e-28,2.78556009919818e-25,4.33691085022969e-22,9.98313130294218e-20,1.73057214060256e-18,1.65911817824066e-18,7.75718209616578e-20,1.70894478153808e-22,1.75944865425596e-26,8.44933179263056e-32,1.89179729944638e-38,1.97464570065444e-46,9.60850528474372e-56,2.17957656554852e-66,2.30482255845873e-78,1.13619216859969e-91,2.61104875656863e-106,2.79722278519823e-122,1.39697301189197e-139,3.25235435630398e-158,3.52985268900099e-178,1.78592899260126e-199,4.21231340549693e-222,4.6315466966379e-246,2.37399773538598e-271,5.67261665726128e-298,0,0,0,0,0,0,0,0,0,0,0,0,0,0,0,0,0,0,0,0,0,0,0,0,0,0,0,0,0,0,0,0,0,0,0,0,0,0,0,0,0,0
0.742424242424243,0.742424242424243,0,0,0,0,0,0,0,0,0,0,0,0,0,0,6.40468315840211e-299,4.92068001886258e-273,1.83430164575574e-248,3.31574539088605e-225,2.90647089576299e-203,1.23620257184041e-182,2.55293228233242e-163,2.55963104335555e-145,1.24410471323186e-128,2.92262910373638e-113,3.30577386818247e-99,1.79542731271745e-86,4.69487575877278e-75,6.02237736794984e-65,4.01272392891652e-56,1.55841900629231e-48,3.96567396308072e-42,6.78075628086513e-37,8.5568387619228e-33,3.19769209674098e-29,7.47119437173224e-26,1.97221406422537e-23,3.60811864346786e-22,3.51149548852731e-22,1.64778378156866e-23,3.63325218812467e-26,3.74137503197277e-30,1.79679140512861e-35,4.02304479552359e-42,4.19923976136134e-50,2.04332584814322e-59,4.63504553600423e-70,4.90139149327102e-82,2.41620452976275e-95,5.55260635669882e-110,5.94852049282127e-126,2.97077609836919e-143,6.91639459312243e-162,7.5065172422685e-182,3.79792245108375e-203,8.95782515434311e-226,9.84935865611608e-250,5.04849819642455e-275,1.20632781305239e-301,0,0,0,0,0,0,0,0,0,0,0,0,0,0,0,0,0,0,0,0,0,0,0,0,0,0,0,0,0,0,0,0,0,0,0,0,0,0,0,0,0,0
0.772727272727273,0.772727272727273,0,0,0,0,0,0,0,0,0,0,0,0,0,0,5.62614915508009e-304,4.56628474966796e-278,1.79122362622134e-253,3.3972063504129e-230,3.11859074290833e-208,1.38732175394176e-187,2.99193680601391e-168,3.12467760719657e-150,1.57588143541577e-133,3.82284704874462e-118,4.44359740562263e-104,2.47235902148694e-91,6.63621307226643e-80,8.86737875888068e-70,6.39112777215771e-61,2.81910628101316e-53,8.20888116023595e-47,1.56283947789015e-41,2.40595223143474e-37,1.88432696012286e-33,5.85687352115053e-30,1.73205610408839e-27,3.30463500211236e-26,3.25240153291414e-26,1.53029022843807e-27,3.37628668829212e-30,3.47726529599705e-34,1.67000953176248e-39,3.7392081359192e-46,3.90297960419279e-54,1.89916826453574e-63,4.30804144405538e-74,4.55559674150797e-86,2.24574053901373e-99,5.16086824089309e-114,5.5288505144889e-130,2.76118691747462e-147,6.42844079640896e-166,6.9769301086459e-186,3.52997783715392e-207,8.32584779475057e-230,9.15448332980927e-254,4.69232507347582e-279,1.12122100945311e-305,0,0,0,0,0,0,0,0,0,0,0,0,0,0,0,0,0,0,0,0,0,0,0,0,0,0,0,0,0,0,0,0,0,0,0,0,0,0,0,0,0,0
0.803030303030303,0.803030303030303,0,0,0,0,0,0,0,0,0,0,0,0,0,0,2.33238144661918e-309,1.98150897160418e-283,8.11816011102725e-259,1.60651376274598e-235,1.53817640288255e-213,7.13147291724868e-193,1.59980773705402e-173,1.73200445600556e-155,9.01359570873997e-139,2.24506822933739e-123,2.66840106711102e-109,1.5163339247038e-96,4.18375188002487e-85,5.88238164471859e-75,4.67218688333138e-66,2.35699670705416e-58,7.72668441289946e-52,1.61955870984406e-46,3.36497520970207e-42,5.41719161787141e-38,2.0729377875858e-34,6.73730396440795e-32,1.32784077483339e-30,1.3178330474611e-30,6.21278452063133e-32,1.37135422681201e-34,1.41251750022986e-38,6.78399564880461e-44,1.51896837327364e-50,1.58549895710311e-58,7.71495264689145e-68,1.75004706106086e-78,1.85061099175971e-90,9.1228271149928e-104,2.09648924142898e-118,2.24597394945124e-134,1.12167147052581e-151,2.6114127210657e-170,2.83422444367285e-190,1.43397587705773e-211,3.38219259284762e-234,3.71880755842776e-258,1.90615388342264e-283,4.55471381005797e-310,0,0,0,0,0,0,0,0,0,0,0,0,0,0,0,0,0,0,0,0,0,0,0,0,0,0,0,0,0,0,0,0,0,0,0,0,0,0,0,0,0,0
0.833333333333333,0.833333333333333,0,0,0,0,0,0,0,0,0,0,0,0,0,0,4.48430795689772e-315,3.96339947437962e-289,1.6891275375366e-264,3.47852680043827e-241,3.4655877810808e-219,1.66951276794187e-198,3.87962736879707e-179,4.33185589827594e-161,2.31342823806771e-144,5.88598728601431e-129,7.12587075508379e-115,4.13131175047102e-102,1.17742181235284e-90,1.76775834031726e-80,1.57456287671882e-71,9.0518144888033e-64,3.27878616230101e-57,7.5551178605213e-52,2.48427587915665e-47,7.31082390483837e-43,3.29398864386732e-39,1.15730096576888e-36,2.33844766665549e-35,2.33535263619257e-35,1.10258265460624e-36,2.43455741924018e-39,2.50782738010772e-43,1.20447300551611e-48,2.69688252943755e-55,2.81500828634396e-63,1.36976820371674e-72,3.10715964251047e-83,3.28570813495574e-95,1.6197324829871e-108,3.7222581166581e-123,3.98766404325649e-139,1.9914963807786e-156,4.63649038018347e-175,5.03208637318738e-195,2.54598413563985e-216,6.00498852375497e-239,6.60263899744804e-263,3.38432300356649e-288,8.08676721357865e-315,0,0,0,0,0,0,0,0,0,0,0,0,0,0,0,0,0,0,0,0,0,0,0,0,0,0,0,0,0,0,0,0,0,0,0,0,0,0,0,0,0,0
0.863636363636364,0.863636363636364,0,0,0,0,0,0,0,0,0,0,0,0,0,0,3.95252516672997e-321,3.62352111881753e-295,1.60414366552157e-270,3.43307760713289e-247,3.55084250489889e-225,1.77096270314065e-204,4.24270745612268e-185,4.85967824472667e-167,2.6495649738609e-150,6.85667496161435e-135,8.4348158348755e-121,4.99593006525777e-108,1.48392500504829e-96,2.42282559529964e-86,2.44811872310861e-77,1.58317540573144e-69,6.23180144907735e-63,1.60126727611309e-57,9.93636216249266e-53,4.52913110801273e-48,2.33961469770537e-44,8.75836215765753e-42,1.80367046165865e-40,1.80968333916561e-40,8.55322171648718e-42,1.8890608116732e-44,1.94602373507089e-48,9.34659027730252e-54,2.09276018483947e-60,2.18442638440936e-68,1.06293054463911e-77,2.41113424097835e-88,2.54968665111541e-100,1.25690113972732e-113,2.88844640766627e-128,3.09439956108555e-144,1.54538733955065e-161,3.5978842857659e-180,3.90486402476877e-200,1.9756659805909e-221,4.65982932656539e-244,5.1236019371768e-268,2.62621111101299e-293,6.27562183347551e-320,0,0,0,0,0,0,0,0,0,0,0,0,0,0,0,0,0,0,0,0,0,0,0,0,0,0,0,0,0,0,0,0,0,0,0,0,0,0,0,0,0,0
0.893939393939394,0.893939393939394,0,0,0,0,0,0,0,0,0,0,0,0,0,0,0,1.50824147524786e-301,6.93189411254216e-277,1.53908829263712e-253,1.6473400886699e-231,8.46770890352513e-211,2.08054019506994e-191,2.43210956162634e-173,1.34770524136196e-156,3.53624724916495e-141,4.41708017344521e-127,2.68426160325432e-114,8.421046373427e-103,1.52371583263888e-92,1.74971779363913e-83,1.2499991815733e-75,5.28355345335275e-69,1.57946013720526e-63,2.08148528858616e-58,1.27292514154545e-53,7.39948700570917e-50,2.91480553989798e-47,6.08980638403004e-46,6.13132494170482e-46,2.90020483761118e-47,6.40655028554301e-50,6.60000946463876e-54,3.16995996344752e-59,7.09775472908737e-66,7.40865133178889e-74,3.60501172016496e-83,8.17754977473475e-94,8.64746113278979e-106,4.26287825045739e-119,9.79639128678296e-134,1.0494897471704e-149,5.24130170098968e-167,1.2202505187184e-185,1.32436509162035e-205,6.70062527350826e-227,1.58041746239338e-249,1.73770956067086e-273,8.90699982532602e-299,0,0,0,0,0,0,0,0,0,0,0,0,0,0,0,0,0,0,0,0,0,0,0,0,0,0,0,0,0,0,0,0,0,0,0,0,0,0,0,0,0,0,0
0.924242424242424,0.924242424242424,0,0,0,0,0,0,0,0,0,0,0,0,0,0,0,2.85262807419475e-308,1.35945294059912e-283,3.1224500846994e-260,3.44365979499256e-238,1.81511959466883e-217,4.55063557322009e-198,5.40437265562982e-180,3.03301341406799e-163,8.05425652875421e-148,1.0228520158471e-133,6.42753169641948e-121,2.16693150823112e-109,4.4116930861148e-99,5.70813281405573e-90,4.42169142422993e-82,1.99541118985578e-75,7.60776525498748e-70,2.14984415771076e-64,1.61269790902527e-59,1.03858029487563e-55,4.25965565403079e-53,8.99693495200102e-52,9.08168588978048e-52,4.29831603966733e-53,9.49626153529097e-56,9.78332278086714e-60,4.6989265782589e-65,1.05212313231454e-71,1.09820874682731e-79,5.34382786213821e-89,1.21218521840839e-99,1.28184173733536e-111,6.31900529495001e-125,1.45215145241933e-139,1.55569333251049e-155,7.76935470977439e-173,1.80881766698516e-191,1.96315013885836e-211,9.93255826460621e-233,2.34270502928839e-255,2.57586430427138e-279,1.32031401722572e-304,0,0,0,0,0,0,0,0,0,0,0,0,0,0,0,0,0,0,0,0,0,0,0,0,0,0,0,0,0,0,0,0,0,0,0,0,0,0,0,0,0,0,0
0.954545454545455,0.954545454545455,0,0,0,0,0,0,0,0,0,0,0,0,0,0,0,2.44690254138644e-315,1.20596564009424e-290,2.85359972961275e-267,3.22674777270798e-245,1.73520906477872e-224,4.41861590448756e-205,5.31151344249389e-187,3.01161069450758e-170,8.0904798144495e-155,1.04853401261565e-140,6.89461148141386e-128,2.54671343471989e-116,5.87484436203641e-106,8.42730730674202e-97,6.96791246936448e-89,3.36360919807568e-82,1.91607013355711e-76,1.04423978687321e-70,9.1727175478373e-66,6.45038458464129e-62,2.73040472232834e-59,5.8143670104239e-58,5.88042532324138e-58,2.78440062544706e-59,6.15218791207417e-62,6.33830632390914e-66,3.04430219748779e-71,6.81641756859518e-78,7.11499557399931e-86,3.46212084611132e-95,7.85341871515034e-106,8.30470440533911e-118,4.09391187872725e-131,9.40809479400075e-146,1.00789145091715e-161,5.03355386795493e-179,1.17188383131084e-197,1.27187164751651e-217,6.43503468940349e-239,1.51777495071249e-261,1.66883251138329e-285,8.55395586455245e-311,0,0,0,0,0,0,0,0,0,0,0,0,0,0,0,0,0,0,0,0,0,0,0,0,0,0,0,0,0,0,0,0,0,0,0,0,0,0,0,0,0,0,0
0.984848484848485,0.984848484848485,0,0,0,0,0,0,0,0,0,0,0,0,0,0,0,9.38724727098368e-323,4.81810737011719e-298,1.16879792855449e-274,1.34826726567937e-252,7.36332416620052e-232,1.89727440304465e-212,2.30208074052302e-194,1.31695170924913e-177,3.58351950487354e-162,4.77168890576166e-148,3.33601594559538e-135,1.37432598481441e-123,3.57948419147503e-113,5.58459406100246e-104,4.87349463746122e-96,2.55101881936297e-89,2.64245845843422e-83,2.32369777087118e-77,2.33468695359447e-72,1.768249893375e-68,7.66989737135918e-66,1.64335618667124e-64,1.66440418380785e-64,7.88358330191905e-66,1.74202277247121e-68,1.79475350104297e-72,8.62027298110447e-78,1.93014451149014e-84,2.01469060100971e-92,9.80338297522575e-102,2.22378350038124e-112,2.35157010554829e-124,1.15923702088507e-137,2.66400745929757e-152,2.85395757832003e-168,1.42530717909825e-185,3.3183203789139e-204,3.60144708421982e-224,1.82215217740418e-245,4.29774984088972e-268,4.72548625005462e-292,2.42214842962073e-317,0,0,0,0,0,0,0,0,0,0,0,0,0,0,0,0,0,0,0,0,0,0,0,0,0,0,0,0,0,0,0,0,0,0,0,0,0,0,0,0,0,0,0
1.01515151515152,1.01515151515152,0,0,0,0,0,0,0,0,0,0,0,0,0,0,0,0,8.62620499322792e-306,2.13461962079647e-282,2.50054142848833e-260,1.38159210753416e-239,3.59160859348716e-220,4.3907855475695e-202,2.53389879484569e-185,7.00656074614879e-170,9.68562197561117e-156,7.33768972578373e-143,3.41069291499776e-131,9.90086509022287e-121,1.64998999530869e-111,1.50996952460517e-103,8.88230274288315e-97,1.95023304043678e-90,2.33979429307314e-84,2.65110803217484e-79,2.1349940352113e-75,9.43568722040146e-73,2.03100665315201e-71,2.05920773246043e-71,9.75596812094152e-73,2.15587961242079e-75,2.22116558914034e-79,1.06683777809446e-84,2.38873226482075e-91,2.49336623568423e-99,1.2132594910509e-108,2.75213818082652e-119,2.91028595307991e-131,1.43466325396445e-144,3.29695613722363e-159,3.53203701460651e-175,1.76394973493237e-192,4.10672901859408e-211,4.4571245572563e-231,2.25508220086099e-252,5.31886375360294e-275,5.84822720355484e-299,0,0,0,0,0,0,0,0,0,0,0,0,0,0,0,0,0,0,0,0,0,0,0,0,0,0,0,0,0,0,0,0,0,0,0,0,0,0,0,0,0,0,0,0
1.04545454545455,1.04545454545455,0,0,0,0,0,0,0,0,0,0,0,0,0,0,0,0,6.88609070119309e-314,1.73032768946379e-290,2.0504474548013e-268,1.14271877173548e-247,2.9908570675745e-228,3.68054383142389e-210,2.14518079570339e-193,6.06264428806286e-178,8.82646992228286e-164,7.38690665546597e-151,3.88095411050624e-139,1.23277040154478e-128,2.1628262660554e-119,2.07214605690298e-111,1.48255104716296e-104,7.20419952029143e-98,1.06014841147545e-91,1.33906184751593e-86,1.13342716248836e-82,5.08112492353412e-80,1.09745946214575e-78,1.11357792471024e-78,5.2767809088044e-80,1.16611393521672e-82,1.20143826580377e-86,5.77058482124212e-92,1.29207917738876e-98,1.34867644873046e-106,6.56259204619159e-116,1.48864776016227e-126,1.57419082418054e-138,7.76017809681404e-152,1.78334300633296e-166,1.91049963846734e-182,9.54130808068815e-200,2.22135393057814e-218,2.41088494261773e-238,1.21978725354896e-259,2.8770047528784e-282,3.16334056294311e-306,0,0,0,0,0,0,0,0,0,0,0,0,0,0,0,0,0,0,0,0,0,0,0,0,0,0,0,0,0,0,0,0,0,0,0,0,0,0,0,0,0,0,0,0
1.07575757575758,1.07575757575758,0,0,0,0,0,0,0,0,0,0,0,0,0,0,0,0,2.37151510003798e-322,6.20119488371547e-299,7.41110554244181e-277,4.15677455738423e-256,1.09392520213811e-236,1.35510854221888e-218,7.99914336790328e-202,2.33133748147139e-186,3.63945312854995e-172,3.41658453387041e-159,2.01144466393685e-147,6.85755989421405e-137,1.25373864893565e-127,1.26225801346626e-119,1.27339174934059e-112,1.2578921738447e-105,2.15529629848669e-99,2.99984492629865e-94,2.64199671161358e-90,1.1972449353814e-87,2.5925298665513e-86,2.63215286127169e-86,1.24743425263798e-87,2.75678435473742e-90,2.84031345861775e-94,1.36422286047084e-99,3.05460301756406e-106,3.18840482592206e-114,1.55146184670553e-123,3.519310962119e-134,3.72154325394606e-146,1.83458307648344e-159,4.21599975971158e-174,4.51661065100632e-190,2.25565987211892e-207,5.25150103173332e-226,5.69957114409682e-246,2.88369806014727e-267,6.80152461076441e-290,7.47845086784579e-314,0,0,0,0,0,0,0,0,0,0,0,0,0,0,0,0,0,0,0,0,0,0,0,0,0,0,0,0,0,0,0,0,0,0,0,0,0,0,0,0,0,0,0,0
1.10606060606061,1.10606060606061,0,0,0,0,0,0,0,0,0,0,0,0,0,0,0,0,0,9.79541091135679e-308,1.17795039207836e-285,6.63928953236856e-265,1.75577130642583e-245,2.19174276279991e-227,1.31673043891639e-210,4.00799451291895e-195,6.84273339527815e-181,7.25575716385246e-168,4.70925303827826e-156,1.69417675892987e-145,3.20804438128754e-136,3.43565715709233e-128,6.00412329411607e-121,1.0057622937773e-113,1.96200532434273e-107,2.97277528379311e-102,2.70108331681533e-98,1.23400905675326e-95,2.67724368462135e-94,2.71934889087756e-94,1.28888642302181e-95,2.84845647138439e-98,2.93477824977877e-102,1.40959661839747e-107,3.15619929099985e-114,3.29445155372045e-122,1.60306367619975e-131,3.63636372895832e-142,3.84532229737105e-154,1.89560156369154e-167,4.35622449578456e-182,4.66683374700872e-198,2.33068343197863e-215,5.42616668362658e-234,5.88913967000653e-254,2.97961025715483e-275,7.02774426164777e-298,7.70742407512345e-322,0,0,0,0,0,0,0,0,0,0,0,0,0,0,0,0,0,0,0,0,0,0,0,0,0,0,0,0,0,0,0,0,0,0,0,0,0,0,0,0,0,0,0,0
1.13636363636364,1.13636363636364,0,0,0,0,0,0,0,0,0,0,0,0,0,0,0,0,0,6.80382988577262e-317,8.21953368407572e-295,4.65118681404115e-274,1.23618268804738e-254,1.5587309739668e-236,9.60320816401372e-220,3.10373423605875e-204,5.89974240992292e-190,7.04050975457213e-177,4.9402193643516e-165,1.85100898269562e-154,3.62101961589461e-145,4.24711400541454e-137,1.5468192579959e-129,3.63092510885302e-122,7.98051172165666e-116,1.30004617034464e-110,1.21015706765097e-106,5.56253049176642e-104,1.2085346496234e-102,1.22793987775645e-102,5.82048105875209e-104,1.28635578014894e-106,1.32534352767202e-110,6.36573264767955e-116,1.42533860810975e-122,1.48777335301299e-130,7.23943092189591e-140,1.64218081130376e-150,1.73654644145097e-162,8.56053120042151e-176,1.96726972732615e-190,2.10754077570979e-206,1.05253596645085e-223,2.45045531113921e-242,2.65953377841393e-262,1.34559113375609e-283,3.17372728398657e-306,0,0,0,0,0,0,0,0,0,0,0,0,0,0,0,0,0,0,0,0,0,0,0,0,0,0,0,0,0,0,0,0,0,0,0,0,0,0,0,0,0,0,0,0,0
1.16666666666667,1.16666666666667,0,0,0,0,0,0,0,0,0,0,0,0,0,0,0,0,0,0,2.5149788023289e-304,1.42828350182465e-283,3.81876422274036e-264,4.88377531821657e-246,3.1196852373618e-229,1.09144830413039e-213,2.33675876618743e-199,3.09769429941155e-186,2.30636447087831e-174,8.91893022017133e-164,1.80377694268124e-154,2.47401790844642e-146,2.03346683866801e-138,5.88601769758363e-131,1.4469794303953e-124,2.50383475884735e-119,2.37443225300725e-115,1.09641560865099e-112,2.3846309678979e-111,2.42350504137384e-111,1.14881346625353e-112,2.538967544985e-115,2.61592770485338e-119,1.25645213860105e-124,2.81329754639442e-131,2.93652977521652e-139,1.42890075124723e-148,3.24129537845441e-159,3.42755189842496e-171,1.68965622051656e-184,3.8829477452452e-199,4.15981122945207e-215,2.0774691446596e-232,4.83664735602924e-251,5.24932120131456e-271,2.65589409845332e-292,6.26422346728985e-315,0,0,0,0,0,0,0,0,0,0,0,0,0,0,0,0,0,0,0,0,0,0,0,0,0,0,0,0,0,0,0,0,0,0,0,0,0,0,0,0,0,0,0,0,0
1.1969696969697,1.1969696969697,0,0,0,0,0,0,0,0,0,0,0,0,0,0,0,0,0,0,3.37178605004863e-314,1.92215864566476e-293,5.18032491058988e-274,6.76254911360782e-256,4.54572400734784e-239,1.75527274361039e-223,4.23979081711449e-209,6.12850868036141e-196,4.76708866447711e-184,1.89219121419085e-173,3.97369857734665e-164,7.26902701606414e-156,1.27467614212384e-147,4.27595410832142e-140,1.16643558117282e-133,2.12016852645466e-128,2.03927453318214e-124,9.4487527623468e-122,2.05665799432945e-120,2.0905601018563e-120,9.91028026849697e-122,2.19026965620112e-124,2.25666496839529e-128,1.08389573369772e-133,2.42693011940234e-140,2.53323817193117e-148,1.23266107422698e-157,2.79614846915493e-168,2.95682524345295e-180,1.45760540291311e-193,3.34967879504689e-208,3.58851892452166e-224,1.79215760752407e-241,4.17240100836291e-260,4.52839983181403e-280,2.29114392652142e-301,4.94065645841247e-324,0,0,0,0,0,0,0,0,0,0,0,0,0,0,0,0,0,0,0,0,0,0,0,0,0,0,0,0,0,0,0,0,0,0,0,0,0,0,0,0,0,0,0,0,0
1.22727272727273,1.22727272727273,0,0,0,0,0,0,0,0,0,0,0,0,0,0,0,0,0,0,0,1.13394550768901e-303,3.09099238337439e-284,4.15766845614138e-266,2.99503388777935e-249,1.29605390988914e-233,3.50113682282636e-219,5.41089517874599e-206,4.34661428124585e-194,1.76621224763724e-183,3.89191852519621e-174,1.16501837889325e-165,3.66438768553243e-157,1.3906554682085e-149,4.16932748938272e-143,7.88244678087707e-138,7.66347074124044e-134,3.5598461622554e-131,7.75305471574709e-130,7.88190607575005e-130,3.73652312200336e-131,8.25814127588333e-134,8.50848988133268e-138,4.0867028472818e-143,9.15045859053945e-150,9.55128094989339e-158,4.64760574639555e-167,1.05425538106145e-177,1.11483669727292e-189,5.49573227903191e-203,1.26295757697803e-217,1.35300948036173e-233,6.7571226020693e-251,1.57315545463993e-269,1.70738068606788e-289,8.63849270036189e-311,0,0,0,0,0,0,0,0,0,0,0,0,0,0,0,0,0,0,0,0,0,0,0,0,0,0,0,0,0,0,0,0,0,0,0,0,0,0,0,0,0,0,0,0,0,0
1.25757575757576,1.25757575757576,0,0,0,0,0,0,0,0,0,0,0,0,0,0,0,0,0,0,0,2.93457657310847e-314,8.13400505733802e-295,1.1420945909488e-276,8.99365234235593e-260,4.39147056537946e-244,1.30509451480429e-229,2.11912449704979e-216,1.74420370154271e-204,7.25333485413381e-194,1.71665823630491e-184,1.03789052728533e-175,4.74915608709639e-167,2.02261694175199e-159,6.59125554344863e-153,1.2853128406921e-147,1.25975348154653e-143,5.86295254192893e-141,1.27745861182632e-139,1.29881772341468e-139,6.15735772316932e-141,1.36085306726055e-143,1.40210945644998e-147,6.73445734366509e-153,1.50789962081116e-159,1.57395096384632e-167,7.65876703351147e-177,1.7373023452552e-187,1.83713400362938e-199,9.05639065319255e-213,2.08122168528039e-227,2.22961778151085e-243,1.11350296683812e-260,2.59239526822092e-279,2.81358437817409e-299,1.42389719131447e-320,0,0,0,0,0,0,0,0,0,0,0,0,0,0,0,0,0,0,0,0,0,0,0,0,0,0,0,0,0,0,0,0,0,0,0,0,0,0,0,0,0,0,0,0,0,0
1.28787878787879,1.28787878787879,0,0,0,0,0,0,0,0,0,0,0,0,0,0,0,0,0,0,0,0,9.47775854935247e-306,1.41258805992104e-287,1.23796825203308e-270,6.79518994944782e-255,2.17835527247427e-240,3.66513552157962e-227,3.07596184842524e-215,1.31147610053199e-204,3.51473349910805e-195,4.82690243511609e-186,2.75778890625182e-177,1.31351770663301e-169,4.59793935075606e-163,9.18434532850632e-158,9.05655456937087e-154,4.2209313223102e-151,9.19981515882641e-150,9.35432352114185e-150,4.43471602757485e-151,9.80131423545108e-154,1.00984651018724e-157,4.85038421583121e-163,1.08604041445916e-169,1.13361284183962e-177,5.51610366597531e-187,1.25126404793687e-197,1.32316619299669e-209,6.52271958361453e-223,1.49896641657336e-237,1.60584631609484e-253,8.01982587368209e-271,1.86713096112595e-289,2.02643885700133e-309,0,0,0,0,0,0,0,0,0,0,0,0,0,0,0,0,0,0,0,0,0,0,0,0,0,0,0,0,0,0,0,0,0,0,0,0,0,0,0,0,0,0,0,0,0,0,0
1.31818181818182,1.31818181818182,0,0,0,0,0,0,0,0,0,0,0,0,0,0,0,0,0,0,0,0,4.91709743215617e-317,7.93180816227443e-299,7.82536522446394e-282,4.76541368496429e-266,1.61693033868393e-251,2.79089521514335e-238,2.38230451825538e-226,1.04593128100402e-215,3.55193147804965e-206,1.08428272833792e-196,7.16337316508549e-188,3.80085755560763e-180,1.41248427983778e-173,2.87407064030993e-168,2.84700514326753e-164,1.32828370305474e-161,2.89578266823235e-160,2.94457729556514e-160,1.39598828667309e-161,3.0853290981304e-164,3.17887044583046e-168,1.5268404771149e-173,3.41871993123322e-180,3.56847203302668e-188,1.73640073315151e-197,3.93882338442104e-208,4.16516238239366e-220,2.05327088803451e-233,4.71855959136587e-248,5.05500420376216e-264,2.52454130252641e-281,5.87749572475993e-300,6.37937561910218e-320,0,0,0,0,0,0,0,0,0,0,0,0,0,0,0,0,0,0,0,0,0,0,0,0,0,0,0,0,0,0,0,0,0,0,0,0,0,0,0,0,0,0,0,0,0,0,0
1.34848484848485,1.34848484848485,0,0,0,0,0,0,0,0,0,0,0,0,0,0,0,0,0,0,0,0,0,2.03638441413736e-310,2.26516630934333e-293,1.50206213129893e-277,5.30941371361813e-263,9.33803623406665e-250,8.10162427922023e-238,3.69473989406661e-227,1.92990307888968e-217,1.12130670398969e-207,8.32174556892038e-199,4.88866228572406e-191,1.90768154399186e-184,3.9367829355507e-179,3.91299496969192e-175,1.82705689672627e-172,3.98386576675904e-171,4.05115915307752e-171,1.92062298043997e-172,4.24485393004383e-175,4.37355195727744e-179,2.10065713322192e-184,4.7035421798432e-191,4.9095740967229e-199,2.38897432651437e-208,5.41911078768027e-219,5.73051243922653e-231,2.82493052729333e-244,6.49188721869369e-259,6.95477434277189e-275,3.47331364532091e-292,8.0863743764837e-311,0,0,0,0,0,0,0,0,0,0,0,0,0,0,0,0,0,0,0,0,0,0,0,0,0,0,0,0,0,0,0,0,0,0,0,0,0,0,0,0,0,0,0,0,0,0,0,0
1.37878787878788,1.37878787878788,0,0,0,0,0,0,0,0,0,0,0,0,0,0,0,0,0,0,0,0,0,2.37151510003798e-322,2.98322884452163e-305,2.11193381995367e-289,7.68354328746589e-275,1.37121548909336e-261,1.21011177364457e-249,5.83913087585651e-239,5.89210000805571e-229,5.22516627169867e-219,4.3233303554715e-210,2.78767907496877e-202,1.1312104992574e-195,2.35948491726907e-190,2.35118773167803e-186,1.09845699719187e-183,2.39548397743814e-182,2.43602063733787e-182,1.15490630095923e-183,2.55251354310935e-186,2.62990310764812e-190,1.26316669368201e-195,2.82833301926326e-202,2.95222410148333e-210,1.43653755951842e-219,3.25861860504467e-230,3.44587058346544e-242,1.69868665458382e-255,3.90370031225221e-270,4.18204350429254e-286,2.08857226027516e-303,4.84184332924422e-322,0,0,0,0,0,0,0,0,0,0,0,0,0,0,0,0,0,0,0,0,0,0,0,0,0,0,0,0,0,0,0,0,0,0,0,0,0,0,0,0,0,0,0,0,0,0,0,0
1.40909090909091,1.40909090909091,0,0,0,0,0,0,0,0,0,0,0,0,0,0,0,0,0,0,0,0,0,0,1.77298717843394e-317,1.31655702431833e-301,4.88796193579058e-287,8.83118594724192e-274,7.94490777791274e-262,4.22944077717069e-251,9.62594019118156e-241,1.08876882308217e-230,1.00384927569462e-221,7.02996842737571e-214,2.94191930377269e-207,6.1858817419294e-202,6.17580208420065e-198,2.88653736644568e-195,6.29549927565008e-194,6.40217573409336e-194,3.03525781555212e-195,6.70837592438803e-198,6.91176873998827e-202,3.31978640625545e-207,7.43327201676307e-214,7.75887588861838e-222,3.7754304071339e-231,8.56412537713969e-242,9.0562509112208e-254,4.46439649747608e-267,1.02594942711887e-281,1.09910208115887e-297,5.48907278869643e-315,0,0,0,0,0,0,0,0,0,0,0,0,0,0,0,0,0,0,0,0,0,0,0,0,0,0,0,0,0,0,0,0,0,0,0,0,0,0,0,0,0,0,0,0,0,0,0,0,0
1.43939393939394,1.43939393939394,0,0,0,0,0,0,0,0,0,0,0,0,0,0,0,0,0,0,0,0,0,0,0,3.62252789145958e-314,1.36466999657996e-299,2.49401845069456e-286,2.29632893050055e-274,1.48030756429657e-263,7.72798490429836e-253,1.01260679744162e-242,1.04038914082542e-233,7.82224686443388e-226,3.3527751423982e-219,7.0925473041969e-214,7.09097458202042e-210,3.31535105559169e-207,7.23126539915398e-206,7.35392055978887e-206,3.48649116491138e-207,7.70567604714459e-210,7.9393077839473e-214,3.81332307449158e-219,8.5383408799249e-226,8.91235073649118e-234,4.33670553183825e-243,9.83731280878282e-254,1.04026002852188e-265,5.12809690605138e-279,1.1784724062827e-293,1.26250031443699e-309,0,0,0,0,0,0,0,0,0,0,0,0,0,0,0,0,0,0,0,0,0,0,0,0,0,0,0,0,0,0,0,0,0,0,0,0,0,0,0,0,0,0,0,0,0,0,0,0,0,0
1.46969696969697,1.46969696969697,0,0,0,0,0,0,0,0,0,0,0,0,0,0,0,0,0,0,0,0,0,0,0,0,1.67040792064042e-312,3.08880448503781e-299,2.93148041302706e-287,2.72838769644467e-276,2.87537022397781e-265,4.20485791417973e-255,4.80348057226433e-246,3.83281379801697e-238,1.67334005471282e-231,3.55590230504743e-226,3.55884394829805e-222,1.66431840110587e-219,3.63031915557047e-218,3.69194143945648e-218,1.75035305422014e-219,3.86854908181826e-222,3.9858418771465e-226,1.91443683936724e-231,4.28658000652568e-238,4.47434754364615e-246,2.17719525690496e-255,4.93871456860594e-266,5.22251092139162e-278,2.574504581896e-291,5.9163909442423e-306,6.37344683135208e-322,0,0,0,0,0,0,0,0,0,0,0,0,0,0,0,0,0,0,0,0,0,0,0,0,0,0,0,0,0,0,0,0,0,0,0,0,0,0,0,0,0,0,0,0,0,0,0,0,0,0
1.5,1.5,0,0,0,0,0,0,0,0,0,0,0,0,0,0,0,0,0,0,0,0,0,0,0,0,0,1.67825382418176e-312,1.66565964882162e-300,2.83231834522216e-289,4.82479272769705e-278,7.80170915352366e-268,9.85649248611257e-259,8.2564562788186e-251,3.65557776896384e-244,7.79457726783443e-239,7.80711340281847e-235,3.65170044910803e-232,7.96564740730914e-231,8.10093335903377e-231,3.84066844542738e-232,8.48847115844858e-235,8.74583900475238e-239,4.20070773163701e-244,9.40572679400661e-251,9.81773128364801e-259,4.77725920526404e-268,1.08366576501344e-278,1.1459371086112e-290,5.64904579636177e-304,1.29819206904308e-318,0,0,0,0,0,0,0,0,0,0,0,0,0,0,0,0,0,0,0,0,0,0,0,0,0,0,0,0,0,0,0,0,0,0,0,0,0,0,0,0,0,0,0,0,0,0,0,0,0,0,0
